"TRIM_OPTION_ID","TRIM_ID","OPTION_ITEM_ID","IS_REQUIRED"
335,47,53,N
336,47,54,N
337,47,31,N
338,47,55,N
339,47,56,N
340,47,57,N
341,47,58,N
342,47,59,N
343,47,67,N
344,47,68,N
345,48,53,N
346,48,54,N
347,48,31,N
348,48,55,N
349,48,56,N
350,48,57,N
351,48,58,N
352,48,59,N
353,48,67,N
354,48,68,N
355,37,31,N
356,37,55,N
357,37,57,N
358,37,58,N
359,37,56,N
360,37,60,N
361,37,26,N
362,37,1,N
363,37,61,N
364,38,31,N
365,38,55,N
366,38,57,N
367,38,58,N
368,38,56,N
369,38,62,N
370,38,63,N
371,38,65,N
372,38,66,N
373,39,31,N
374,39,55,N
375,39,57,N
376,39,58,N
377,39,56,N
378,39,67,N
379,40,31,N
380,40,55,N
381,40,57,N
382,40,58,N
383,40,67,N
384,40,69,N
385,41,31,N
386,41,55,N
387,41,57,N
388,41,58,N
389,41,67,N
390,41,69,N
391,42,31,N
392,42,55,N
393,42,57,N
394,42,58,N
395,42,67,N
396,42,69,N
397,29,70,N
398,30,70,N
399,31,70,N
400,32,70,N
401,33,70,N
402,35,70,N
403,36,70,N
404,43,70,N
405,44,70,N
406,45,70,N
407,46,70,N
408,47,70,N
409,37,70,N
410,38,70,N
411,39,70,N
412,40,70,N
413,41,70,N
414,29,71,N
415,30,71,N
416,31,71,N
417,32,71,N
418,33,71,N
419,35,71,N
420,36,71,N
421,43,71,N
422,44,71,N
423,45,71,N
424,46,71,N
425,47,71,N
426,37,71,N
427,38,71,N
428,39,71,N
429,40,71,N
430,41,71,N
431,29,72,N
432,30,72,N
433,31,72,N
434,32,72,N
435,33,72,N
436,35,72,N
437,36,72,N
438,43,72,N
439,44,72,N
440,45,72,N
441,46,72,N
442,47,72,N
443,37,72,N
444,38,72,N
445,39,72,N
446,40,72,N
447,41,72,N
448,29,73,N
449,30,73,N
450,31,73,N
451,32,73,N
452,33,73,N
468,49,86,N
453,35,73,N
454,36,73,N
455,43,73,N
456,44,73,N
457,45,73,N
458,46,73,N
459,47,73,N
469,50,86,N
460,37,73,N
461,38,73,N
462,39,73,N
463,40,73,N
464,41,73,N
470,51,86,N
465,34,74,N
466,48,74,N
467,42,74,N
471,49,87,N
472,50,88,N
473,51,89,N
474,49,85,Y
475,50,85,Y
476,51,85,Y
477,49,54,N
478,49,90,N
479,49,91,N
480,49,75,N
481,49,76,N
482,50,54,N
483,50,90,N
484,50,91,N
485,50,75,N
486,50,76,N
487,51,54,N
488,51,90,N
489,51,91,N
490,51,75,N
491,51,76,N
492,49,4,N
493,49,92,N
494,50,93,N
495,50,61,N
496,51,94,N
497,50,95,N
498,50,96,N
499,50,97,N
500,50,98,N
501,51,97,N
502,51,98,N
503,50,99,N
504,51,100,N
505,52,84,Y
506,53,84,Y
507,54,84,Y
508,55,84,Y
509,56,84,Y
510,57,84,Y
511,52,54,N
512,52,77,N
513,52,29,N
514,52,2,N
515,52,4,N
516,52,27,N
517,53,54,N
518,53,78,N
519,53,31,N
520,53,35,N
521,53,25,N
522,53,28,N
523,53,4,N
543,58,103,N
544,59,101,N
545,59,102,N
546,59,104,N
547,59,105,N
548,59,106,N
549,59,107,N
550,60,101,N
551,60,102,N
552,60,104,N
553,60,105,N
554,60,108,N
555,60,109,N
556,60,110,N
582,65,121,Y
557,61,111,N
558,61,104,N
559,61,113,N
560,62,111,N
561,62,104,N
562,62,113,N
563,62,112,N
564,62,114,N
565,62,56,N
566,62,32,N
567,63,111,N
568,63,104,N
569,63,113,N
570,63,112,N
571,63,114,N
572,63,56,N
573,63,32,N
574,63,109,N
575,63,60,N
576,64,115,N
577,64,116,N
578,64,117,N
579,64,118,N
580,64,119,N
581,65,120,Y
583,66,120,Y
584,66,121,Y
585,67,122,Y
586,67,123,N
587,67,124,N
588,68,122,Y
589,68,123,N
590,68,124,N
524,53,61,N
525,54,54,N
526,54,78,N
527,54,31,N
528,54,35,N
529,54,25,N
530,54,61,N
531,55,54,N
532,55,79,N
533,55,78,N
534,55,31,N
535,55,80,N
536,55,32,N
537,55,81,N
538,55,38,N
539,55,82,N
540,57,54,N
541,57,83,N
542,58,101,Y
684,53,125,N
685,54,125,N
686,55,125,N
687,17,137,N
688,18,137,N
689,19,137,N
690,20,137,N
691,21,137,N
692,22,137,N
693,23,137,N
694,24,137,N
695,13,137,N
696,14,137,N
697,15,137,N
698,16,137,N
699,72,139,N
700,78,139,N
701,82,159,N
702,83,159,N
20001,20039,20159,Y
20002,20040,20160,Y
20003,20041,20161,Y
20004,20042,20162,Y
20005,20043,20163,Y
20006,20044,20164,Y
20007,20045,20165,Y
20008,20046,20166,Y
20009,20047,20167,Y
20010,20048,20168,Y
20011,20049,20169,Y
20012,20050,20170,Y
20013,20051,20171,Y
20014,20052,20172,Y
20015,20144,20691,N
20016,20144,20692,N
20017,20001,20444,N
20018,20001,20445,N
20019,20001,20446,N
20020,20002,20447,N
20021,20002,20448,N
20022,20002,20449,N
20023,20144,20693,N
20024,20003,20450,N
20025,20003,20451,N
20026,20003,20452,N
20027,20004,20453,N
20028,20004,20454,N
20029,20144,20694,N
20030,20144,20695,N
20031,20145,20696,Y
20032,20145,20697,N
20033,20145,20698,N
20034,20145,20699,N
20035,20145,20700,Y
20036,20145,20701,N
20037,20145,20702,N
20038,20145,20703,N
20039,20145,20704,N
20040,20146,20705,Y
20041,20146,20706,N
20042,20146,20707,N
20043,20146,20708,N
20044,20146,20709,Y
20045,20146,20710,N
20046,20146,20711,N
20047,20146,20712,N
20048,20146,20713,N
20049,20146,20714,N
20050,20147,20715,Y
20051,20147,20716,Y
20052,20147,20717,N
20053,20004,20455,N
20054,20005,20456,N
20055,20147,20718,N
20056,20147,20719,Y
20057,20147,20720,N
20058,20005,20457,N
20059,20005,20458,N
20060,20006,20459,N
20061,20006,20460,N
20062,20147,20721,N
20063,20147,20722,N
20064,20147,20723,N
20065,20006,20461,N
20066,20007,20462,N
20067,20007,20463,N
20068,20007,20464,N
20069,20001,20465,N
20070,20001,20466,N
20071,20001,20467,N
20072,20001,20468,N
20073,20001,20469,N
20074,20001,20470,N
20075,20001,20471,N
20076,20003,20472,N
20077,20003,20473,N
20078,20003,20474,N
20079,20003,20475,N
20080,20003,20476,N
20081,20003,20477,N
20082,20003,20478,N
20083,20003,20479,N
20084,20002,20480,N
20085,20002,20481,Y
20086,20002,20482,Y
20087,20002,20483,N
20088,20002,20484,Y
20089,20002,20485,N
20090,20002,20486,N
20091,20004,20487,N
20092,20004,20488,Y
20093,20004,20489,Y
20094,20004,20490,N
20095,20004,20491,Y
20096,20004,20492,N
20097,20004,20493,N
20098,20004,20106,N
20099,20005,20107,N
20100,20005,20108,N
20101,20005,20109,N
20102,20005,20110,N
20103,20005,20111,N
20104,20005,20112,N
20105,20005,20113,N
20106,20005,20114,N
20107,20005,20115,N
20108,20006,20116,N
20109,20006,20117,N
20110,20006,20118,Y
20111,20006,20119,Y
20112,20006,20120,N
20113,20006,20121,N
20114,20006,20122,Y
20115,20006,20123,N
20116,20006,20124,N
20117,20007,20125,N
20118,20007,20126,N
20119,20007,20127,Y
20120,20007,20128,Y
20121,20007,20129,N
20122,20007,20130,Y
20123,20007,20131,Y
20124,20007,20132,N
20125,20007,20133,N
20126,20007,20134,N
20127,20001,20135,N
20128,20001,20136,N
20129,20001,20137,N
20130,20001,20138,N
20131,20001,20139,N
20132,20002,20140,N
20133,20002,20141,N
20134,20002,20142,N
20135,20002,20143,N
20136,20002,20144,N
20137,20003,20145,N
20138,20003,20146,N
20139,20003,20147,N
20140,20003,20148,N
20141,20003,20149,N
20142,20004,20150,N
20143,20004,20151,N
20144,20004,20152,N
20145,20004,20153,N
20146,20004,20154,N
20147,20005,20155,N
20148,20005,20156,N
20149,20005,20157,N
20150,20005,20360,N
20151,20005,20361,N
20152,20005,20362,N
20153,20005,20363,N
20154,20005,20364,N
20155,20005,20365,N
20156,20005,20366,N
20157,20005,20367,N
20158,20006,20368,N
20159,20006,20369,N
20160,20006,20370,N
20161,20006,20371,N
20162,20006,20372,N
20163,20006,20373,N
20164,20006,20374,N
20165,20006,20375,N
20166,20006,20376,N
20167,20006,20377,N
20168,20006,20378,N
20169,20007,20379,N
20170,20007,20380,N
20171,20007,20381,N
20172,20007,20382,N
20173,20007,20383,N
20174,20007,20384,N
20175,20007,20385,N
20176,20007,20386,N
20177,20007,20387,N
20178,20007,20388,N
20179,20007,20389,N
20180,20038,20158,Y
20181,20147,20724,N
20182,20148,20725,Y
20183,20148,20726,N
20184,20148,20727,N
20185,20148,20728,N
20186,20148,20729,Y
20187,20148,20730,N
20188,20148,20731,N
20189,20148,20732,N
20190,20148,20733,N
20191,20149,20734,Y
20192,20149,20735,N
20193,20149,20736,N
20194,20149,20737,Y
20195,20149,20738,N
20196,20149,20739,N
20197,20149,20740,N
20198,20149,20741,N
20199,20150,20742,Y
20200,20150,20743,N
20201,20150,20744,N
20202,20150,20745,N
20203,20150,20746,Y
20204,20150,20747,N
20205,20150,20748,N
20206,20150,20749,N
20207,20150,20750,N
20208,20150,20751,N
20209,20151,20752,Y
20210,20151,20753,Y
20211,20151,20754,N
20212,20151,20755,N
20213,20151,20756,Y
20214,20151,20757,N
20215,20151,20758,N
20216,20151,20759,N
20217,20151,20760,N
20218,20151,20761,N
20219,20147,20762,N
20220,20151,20763,N
20221,20145,20764,N
20222,20146,20765,N
20223,20147,20766,N
20224,20148,20767,N
20225,20150,20768,N
20226,20151,20769,N
20227,20145,20770,N
20228,20146,20771,N
20229,20147,20772,N
20230,20148,20773,N
20231,20149,20774,N
20232,20150,20775,N
20233,20151,20776,N
20234,20144,20777,N
20235,20144,20778,N
20236,20145,20779,N
20237,20145,20780,N
20238,20146,20781,N
20239,20146,20782,N
20240,20147,20783,N
20241,20147,20784,N
20242,20148,20785,N
20243,20148,20786,N
20244,20149,20787,N
20245,20149,20788,N
20246,20150,20789,N
20247,20150,20790,N
20248,20151,20791,N
20249,20151,20792,N
20250,20016,20317,N
20251,20016,20319,N
20252,20017,20317,N
20253,20017,20318,N
20254,20017,20319,N
20255,20016,20320,N
20256,20016,20321,N
20257,20016,20322,N
20258,20016,20323,N
20259,20016,20324,N
20260,20016,20325,N
20261,20017,20577,Y
20262,20017,20578,N
20263,20017,20579,Y
20264,20017,20580,N
20265,20017,20581,N
20266,20017,20582,Y
20267,20017,20583,N
20268,20017,20584,N
20269,20017,20585,N
20270,20017,20586,N
20271,20018,20589,N
20272,20018,20590,N
20273,20018,20591,N
20274,20018,20592,N
20275,20019,20593,Y
20276,20019,20594,Y
20277,20019,20595,Y
20278,20019,20596,Y
20279,20020,20597,N
20280,20020,20598,N
20281,20021,20599,Y
20282,20021,20600,N
20283,20021,20601,N
20284,20022,20602,N
20285,20022,20603,N
20286,20023,20604,Y
20287,20023,20605,N
20288,20018,20587,Y
20289,20019,20587,N
20290,20019,20588,N
20291,20020,20587,Y
20292,20021,20587,Y
20293,20022,20587,Y
20294,20023,20587,Y
20295,20025,20607,N
20296,20026,20606,N
20297,20026,20607,N
20298,20027,20606,N
20299,20027,20607,N
20300,20028,20606,N
20301,20028,20607,N
20302,20029,20606,N
20303,20029,20607,N
20304,20030,20606,N
20305,20030,20607,N
20306,20031,20606,N
20307,20031,20607,N
20308,20024,20608,N
20309,20024,20609,N
20310,20024,20610,N
20311,20024,20611,N
20312,20024,20612,N
20313,20025,20613,Y
20314,20025,20614,Y
20315,20025,20615,Y
20316,20025,20616,Y
20317,20025,20617,Y
20318,20025,20618,Y
20319,20025,20619,N
20320,20025,20620,N
20321,20025,20621,N
20322,20025,20622,N
20323,20025,20623,N
20324,20026,20624,Y
20325,20026,20625,Y
20326,20026,20626,Y
20327,20026,20627,Y
20328,20026,20628,Y
20329,20026,20629,Y
20330,20026,20630,Y
20331,20026,20631,N
20332,20026,20632,N
20333,20026,20633,N
20334,20026,20634,N
20335,20027,20635,Y
20336,20027,20636,Y
20337,20027,20637,Y
20338,20027,20638,Y
20339,20027,20639,Y
20340,20027,20640,Y
20341,20027,20641,Y
20342,20027,20642,Y
20343,20027,20643,Y
20344,20027,20644,Y
20345,20027,20645,N
20346,20028,20646,N
20347,20028,20647,N
20348,20028,20648,N
20349,20028,20530,N
20350,20029,20531,Y
20351,20029,20532,Y
20352,20029,20533,Y
20353,20029,20534,Y
20354,20029,20535,Y
20355,20029,20536,N
20356,20029,20537,N
20357,20029,20538,N
20358,20030,20539,Y
20359,20030,20540,Y
20360,20030,20541,Y
20361,20030,20542,Y
20362,20030,20517,Y
20363,20030,20518,N
20364,20030,20519,N
20365,20030,20520,N
20366,20031,20521,Y
20367,20031,20522,Y
20368,20031,20523,Y
20369,20031,20524,Y
20370,20031,20525,Y
20371,20031,20526,Y
20372,20031,20527,Y
20373,20031,20528,Y
20374,20031,20529,N
20375,20059,20543,Y
20376,20060,20544,Y
20377,20060,20545,N
20378,20024,20606,N
20379,20024,20607,N
20380,20025,20606,N
20381,20061,20546,Y
20382,20061,20547,N
20383,20062,20548,Y
20384,20062,20549,N
20385,20062,20550,N
20386,20059,20551,N
20387,20059,20552,N
20388,20059,20553,N
20389,20059,20554,N
20390,20060,20555,Y
20391,20060,20556,N
20392,20060,20557,N
20393,20060,20558,N
20394,20060,20559,N
20395,20060,20560,N
20396,20060,20561,N
20397,20060,20562,N
20398,20060,20563,N
20399,20060,20564,N
20400,20061,20565,Y
20401,20061,20566,Y
20402,20061,20567,N
20403,20061,20568,N
20404,20061,20569,N
20405,20061,20570,N
20406,20061,20571,N
20407,20061,20572,N
20408,20061,20573,N
20409,20062,20574,Y
20410,20062,20575,Y
20411,20062,20576,Y
20412,20062,20990,Y
20413,20062,20991,N
20414,20062,20992,N
20415,20062,20993,N
20416,20062,20994,N
20417,20062,20995,N
20418,20062,20996,N
20419,20062,20997,N
20420,20062,20998,N
20421,20059,20999,N
20422,20060,21000,N
20423,20060,21001,N
20424,20061,21002,N
20425,20062,21003,N
20426,20062,21004,N
20427,20119,21053,N
20428,20119,21054,N
20429,20119,21055,Y
20430,20119,21056,N
20431,20119,21057,Y
20432,20119,21058,N
20433,20119,21059,N
20434,20119,21060,N
20435,20119,21061,N
20436,20119,21062,N
20437,20116,21063,Y
20438,20116,21064,N
20439,20116,21065,N
20440,20116,21066,N
20441,20116,21067,Y
20442,20116,21068,N
20443,20116,21069,Y
20444,20116,21070,N
20445,20116,21071,N
20446,20116,21072,N
20447,20116,21073,N
20448,20116,21074,N
20449,20120,21075,Y
20450,20120,21076,N
20451,20120,21077,N
20452,20120,21078,N
20453,20120,21079,Y
20454,20120,21080,N
20455,20120,21081,Y
20456,20120,21082,N
20457,20120,21083,N
20458,20120,21084,N
20459,20120,21085,N
20460,20120,21086,N
20461,20121,21087,Y
20462,20121,21088,N
20463,20121,21089,N
20464,20121,21090,N
20465,20121,21091,N
20466,20121,21092,N
20467,20121,21093,N
20468,20121,21094,N
20469,20125,21095,Y
20470,20125,21096,N
20471,20125,21097,N
20472,20125,21098,N
20473,20125,21099,N
20474,20125,21100,N
20475,20125,21101,N
20476,20125,21102,N
20477,20122,21103,Y
20478,20122,21104,N
20479,20122,21105,N
20480,20122,21106,N
20481,20122,21107,Y
20482,20122,21108,N
20483,20122,21109,N
20484,20122,21110,N
20485,20122,21111,N
20486,20122,21112,N
20487,20126,21113,Y
20488,20126,21114,N
20489,20126,21115,N
20490,20126,21116,N
20491,20126,21117,Y
20492,20126,21118,N
20493,20126,21119,N
20494,20126,21120,N
20495,20126,21121,N
20496,20126,21122,N
20497,20123,21123,Y
20498,20123,21124,N
20499,20123,21125,N
20500,20123,21126,Y
20501,20123,21127,N
20502,20123,21128,Y
20503,20123,21129,N
20504,20123,21130,N
20505,20123,21131,N
20506,20123,21132,N
20507,20123,21133,N
20508,20123,21134,N
20509,20127,21135,Y
20510,20127,21136,N
20511,20127,21137,N
20512,20127,21138,Y
20513,20127,21139,N
20514,20127,21140,Y
20515,20127,21141,N
20516,20127,21142,N
20517,20127,21143,N
20518,20127,21144,N
20519,20127,21145,N
20520,20127,21146,N
20521,20124,21147,Y
20522,20124,21148,N
20523,20124,21149,N
20524,20124,21150,Y
20525,20124,21151,N
20526,20124,21152,Y
20527,20124,21155,N
20528,20124,21156,N
20529,20124,21157,N
20530,20124,21158,N
20531,20124,21159,N
20532,20124,21160,N
20533,20128,21161,Y
20534,20128,21162,N
20535,20128,21163,N
20536,20128,21164,Y
20537,20128,21165,N
20538,20128,21166,Y
20539,20128,21167,N
20540,20128,21168,N
20541,20128,21169,N
20542,20128,21170,N
20543,20128,21171,N
20544,20128,21172,N
20545,20113,21173,Y
20546,20113,21174,N
20547,20114,21175,Y
20548,20114,21176,N
20549,20115,21177,Y
20550,20115,21178,N
20551,20116,21179,Y
20552,20116,21180,N
20553,20117,21181,Y
20554,20117,21182,N
20555,20118,21183,Y
20556,20118,21184,N
20557,20119,21185,Y
20558,20119,21186,N
20559,20120,21187,Y
20560,20120,21188,N
20561,20121,21189,N
20562,20121,21190,Y
20563,20122,21191,N
20564,20122,21192,Y
20565,20123,21193,N
20566,20123,21194,Y
20567,20124,21195,N
20568,20124,21196,Y
20569,20125,21197,N
20570,20125,21198,Y
20571,20126,21199,N
20572,20126,21200,Y
20573,20127,21201,N
20574,20127,21202,Y
20575,20128,20826,N
20576,20128,20827,Y
20577,20113,20828,N
20578,20113,20829,N
20579,20113,20830,N
20580,20113,20831,N
20581,20114,20833,N
20582,20114,20834,N
20583,20114,20835,N
20584,20114,20836,N
20585,20114,20837,N
20586,20115,20838,N
20587,20115,20839,N
20588,20115,20840,N
20589,20115,20841,N
20590,20115,20842,N
20591,20116,20843,N
20592,20116,20844,N
20593,20116,20845,N
20594,20116,20846,N
20595,20116,20847,N
20596,20117,20848,N
20597,20117,20849,N
20598,20117,20850,N
20599,20117,20851,N
20600,20118,20853,N
20601,20118,20854,N
20602,20118,20855,N
20603,20118,20856,N
20604,20118,20857,N
20605,20119,20858,N
20606,20119,20859,N
20607,20119,20860,N
20608,20119,20861,N
20609,20119,20862,N
20610,20120,20863,N
20611,20120,20864,N
20612,20120,20865,N
20613,20120,20866,N
20614,20120,20867,N
20615,20121,20869,N
20616,20121,20870,N
20617,20121,20871,N
20618,20122,20874,N
20619,20122,20875,N
20620,20122,20876,N
20621,20122,20877,N
20622,20123,20879,N
20623,20123,20880,N
20624,20123,20881,N
20625,20123,20882,N
20626,20124,20884,N
20627,20124,20885,N
20628,20124,20886,N
20629,20124,20887,N
20630,20125,20889,N
20631,20125,20890,N
20632,20125,20891,N
20633,20126,20894,N
20634,20126,20895,N
20635,20126,20896,N
20636,20126,20897,N
20637,20127,20899,N
20638,20127,20900,N
20639,20127,20901,N
20640,20127,20902,N
20641,20128,20904,N
20642,20128,20905,N
20643,20128,20906,N
20644,20128,20907,N
20645,20129,20908,N
20646,20129,20909,N
20647,20129,20910,N
20648,20129,20911,N
20649,20129,20912,N
20650,20129,20913,Y
20651,20129,20914,N
20652,20129,20915,N
20653,20129,20916,N
20654,20129,20917,N
20655,20130,20918,N
20656,20130,20919,N
20657,20130,20920,N
20658,20130,20921,N
20659,20130,20922,Y
20660,20130,20923,N
20661,20130,20924,N
20662,20130,20925,N
20663,20130,20926,N
20664,20130,20927,N
20665,20130,21203,Y
20666,20130,21204,N
20667,20130,21205,N
20668,20130,21206,N
20669,20130,21207,N
20670,20130,21208,N
20671,20130,21209,N
20672,20130,21210,N
20673,20131,21211,N
20674,20131,21212,Y
20675,20131,21213,N
20676,20131,21214,Y
20677,20131,21215,N
20678,20131,21216,N
20679,20131,21217,Y
20680,20131,21218,N
20681,20131,21219,N
20682,20131,21220,N
20683,20131,21221,Y
20684,20131,21222,N
20685,20131,21223,Y
20686,20131,21224,N
20687,20131,21225,N
20688,20131,21226,N
20689,20131,21227,N
20690,20131,21228,N
20691,20131,21229,N
20692,20131,21230,N
20693,20131,21231,N
20694,20132,21232,N
20695,20132,21233,Y
20696,20132,21234,Y
20697,20132,21235,Y
20698,20132,21236,N
20699,20132,21237,N
20700,20132,21238,Y
20701,20132,21239,N
20702,20132,21240,N
20703,20132,21241,N
20704,20132,21281,Y
20705,20132,21282,N
20706,20132,21283,Y
20707,20132,21284,N
20708,20132,21285,N
20709,20132,21286,N
20710,20132,21287,N
20711,20132,21288,N
20712,20132,21289,N
20713,20132,21290,N
20714,20132,21291,N
20715,20133,21292,N
20716,20133,21293,N
20717,20133,21294,N
20718,20133,21295,N
20719,20133,21296,N
20720,20133,21297,Y
20721,20133,21298,N
20722,20133,21299,N
20723,20133,21300,N
20724,20133,21301,N
20725,20134,21302,N
20726,20134,21303,N
20727,20134,21304,N
20728,20134,21305,N
20729,20134,21306,Y
20730,20134,21307,N
20731,20134,21308,N
20732,20134,21309,N
20733,20134,21310,N
20734,20134,21311,N
20735,20134,21312,Y
20736,20134,21313,N
20737,20134,21314,N
20738,20134,21315,N
20739,20134,21316,N
20740,20134,21317,N
20741,20134,21318,N
20742,20134,21319,N
20743,20032,20101,N
20744,20033,20101,N
20745,20032,20102,N
20746,20033,20102,N
20747,20032,20103,N
20748,20033,20103,N
20749,20032,20104,N
20750,20033,20104,N
20751,20032,20105,N
20752,20033,20105,N
20753,20032,20276,N
20754,20033,20276,N
20755,20032,20277,N
20756,20033,20277,N
20757,20032,20278,N
20758,20033,20278,N
20759,20032,20279,N
20760,20033,20279,N
20761,20034,20280,Y
20762,20035,20280,Y
20763,20034,20281,Y
20764,20035,20281,Y
20765,20034,20282,Y
20766,20035,20282,Y
20767,20034,20283,N
20768,20035,20283,N
20769,20034,20284,Y
20770,20035,20284,Y
20771,20034,20285,N
20772,20035,20285,N
20773,20034,20286,N
20774,20035,20286,N
20775,20034,20287,N
20776,20035,20287,N
20777,20034,20288,N
20778,20035,20288,N
20779,20034,20289,N
20780,20035,20289,N
20781,20036,20290,Y
20782,20037,20290,Y
20783,20036,20291,Y
20784,20037,20291,Y
20785,20036,20292,Y
20786,20037,20292,Y
20787,20036,20293,Y
20788,20037,20293,Y
20789,20036,20294,Y
20790,20037,20294,Y
20791,20036,20295,N
20792,20037,20295,N
20793,20036,20296,N
20794,20037,20296,N
20795,20036,20297,N
20796,20037,20297,N
20797,20036,20298,N
20798,20037,20298,N
20799,20036,20299,N
20800,20037,20299,N
20801,20032,20300,N
20802,20033,20300,N
20803,20034,20300,N
20804,20035,20300,N
20805,20036,20300,N
20806,20037,20300,N
20807,20032,20301,N
20808,20033,20301,N
20809,20034,20301,N
20810,20035,20301,N
20811,20036,20301,N
20812,20037,20301,N
20813,20034,20302,N
20814,20035,20302,N
20815,20036,20302,N
20816,20037,20302,N
20817,20036,20303,N
20818,20037,20303,N
20819,20038,20391,N
20820,20038,20392,N
20821,20038,20393,N
20822,20038,20394,N
20823,20038,20395,N
20824,20038,20396,N
20825,20038,20397,N
20826,20038,20398,N
20827,20039,20399,N
20828,20039,20400,N
20829,20039,20401,N
20830,20039,20402,Y
20831,20039,20403,N
20832,20039,20404,N
20833,20039,20405,N
20834,20039,20406,N
20835,20040,20407,N
20836,20040,20408,N
20837,20040,20409,Y
20838,20040,20410,Y
20839,20040,20411,N
20840,20040,20412,N
20841,20040,20413,Y
20842,20040,20414,N
20843,20040,20415,N
20844,20042,20416,N
20845,20042,20417,N
20846,20042,20418,N
20847,20042,20419,N
20848,20042,20420,N
20849,20042,20421,N
20850,20042,20422,N
20851,20042,20423,N
20852,20043,20424,N
20853,20043,20425,N
20854,20043,20426,N
20855,20043,20427,Y
20856,20043,20428,N
20857,20043,20429,N
20858,20043,20430,N
20859,20043,20431,N
20860,20044,20432,Y
20861,20044,20433,N
20862,20044,20434,Y
20863,20044,20435,Y
20864,20044,20436,N
20865,20044,20437,N
20866,20044,20438,Y
20867,20044,20439,N
20868,20044,20440,N
20869,20041,20441,N
20870,20041,20442,N
20871,20041,20443,N
20872,20045,20001,N
20873,20045,20002,N
20874,20045,20003,N
20875,20045,20004,N
20876,20045,20005,N
20877,20045,20006,N
20878,20045,20007,N
20879,20045,20008,N
20880,20046,20009,N
20881,20046,20010,N
20882,20046,20011,N
20883,20046,20012,Y
20884,20046,20013,N
20885,20046,20014,N
20886,20046,20015,N
20887,20046,20016,N
20888,20047,20017,N
20889,20047,20018,N
20890,20047,20019,Y
20891,20047,20020,Y
20892,20047,20021,N
20893,20047,20022,N
20894,20047,20023,Y
20895,20047,20024,N
20896,20047,20189,N
20897,20048,20190,N
20898,20048,20191,N
20899,20048,20192,N
20900,20049,20193,N
20901,20049,20194,N
20902,20049,20195,N
20903,20049,20196,N
20904,20049,20197,N
20905,20049,20198,N
20906,20050,20199,N
20907,20050,20200,N
20908,20050,20201,N
20909,20050,20202,N
20910,20051,20203,N
20911,20051,20204,N
20912,20051,20205,N
20913,20051,20206,N
20914,20051,20207,N
20915,20051,20208,N
20916,20052,20209,N
20917,20052,20210,N
20918,20052,20211,N
20919,20052,20212,N
20920,20052,20213,N
20921,20052,20214,N
20922,20038,20215,N
20923,20038,20216,N
20924,20038,20217,N
20925,20039,20218,N
20926,20039,20219,N
20927,20039,20220,N
20928,20040,20221,N
20929,20040,20222,N
20930,20040,20223,N
20931,20041,20224,N
20932,20008,20306,Y
20933,20041,20225,N
20934,20042,20226,N
20935,20042,20227,N
20936,20042,20228,N
20937,20043,20229,N
20938,20043,20230,N
20939,20043,20231,N
20940,20044,20232,N
20941,20044,20233,N
20942,20044,20234,N
20943,20045,20235,N
20944,20045,20236,N
20945,20045,20237,N
20946,20046,20238,N
20947,20046,20239,N
20948,20046,20240,N
20949,20047,20241,N
20950,20047,20242,N
20951,20047,20243,N
20952,20048,20244,N
20953,20048,20245,N
20954,20048,20246,N
20955,20049,20247,N
20956,20049,20248,N
20957,20049,20249,N
20958,20050,20250,N
20959,20050,20251,N
20960,20050,20252,N
20961,20051,20253,N
20962,20051,20254,N
20963,20051,20255,N
20964,20052,20256,N
20965,20052,20257,N
20966,20052,20258,N
20967,20053,20390,N
20968,20053,20173,N
20969,20053,20174,N
20970,20053,20175,N
20971,20053,20176,N
20972,20053,20177,N
20973,20053,20178,N
20974,20054,20179,Y
20975,20054,20180,Y
20976,20054,20181,N
20977,20054,20182,N
20978,20054,20183,N
20979,20054,20184,N
20980,20054,20185,N
20981,20055,20186,Y
20982,20055,20187,Y
20983,20055,20188,Y
20984,20055,20259,Y
20985,20055,20260,Y
20986,20055,20261,N
20987,20055,20262,N
20988,20055,20263,N
20989,20056,20264,Y
20990,20056,20265,Y
20991,20056,20266,Y
20992,20056,20267,Y
20993,20056,20268,Y
20994,20056,20269,Y
20995,20056,20270,N
20996,20056,20271,N
20997,20057,20272,N
20998,20057,20273,N
20999,20057,20274,N
21000,20058,20275,N
21001,20058,20304,N
21002,20058,20305,N
21003,20009,20306,Y
21004,20010,20306,Y
21005,20011,20307,Y
21006,20012,20306,Y
21007,20013,20306,Y
21008,20014,20306,Y
21009,20015,20307,Y
21010,20008,20308,N
21011,20008,20312,N
21012,20009,20309,N
21013,20009,20313,N
21014,20010,20310,N
21015,20010,20314,N
21016,20011,20311,N
21017,20011,20315,N
21018,20011,20316,N
21019,20012,20308,N
21020,20012,20312,N
21021,20013,20309,N
21022,20013,20313,N
21023,20014,20310,N
21024,20014,20314,N
21025,20015,20311,N
21026,20015,20315,N
21027,20015,20316,N
21028,20135,21320,N
21029,20135,21321,Y
21030,20135,21322,N
21031,20135,21323,Y
21032,20135,21324,N
21033,20135,21325,N
21034,20135,21326,Y
21035,20135,21327,N
21036,20135,21328,N
21037,20135,21329,N
21038,20135,21330,Y
21039,20135,21331,N
21040,20135,21332,Y
21041,20135,21333,N
21042,20135,21334,N
21043,20135,21335,N
21044,20135,21336,N
21045,20135,21337,N
21046,20135,21338,N
21047,20135,21339,N
21048,20135,21340,N
21049,20136,21341,N
21050,20136,21342,Y
21051,20136,21343,Y
21052,20136,21344,Y
21053,20136,21345,N
21054,20136,21346,N
21055,20136,21347,Y
21056,20136,21348,N
21057,20136,21349,N
21058,20136,21350,N
21059,20136,21351,Y
21060,20136,21352,N
21061,20136,21353,Y
21062,20136,21354,N
21063,20136,21355,N
21064,20136,21356,N
21065,20136,21357,N
21066,20136,21358,N
21067,20136,21359,N
21068,20136,21360,N
21069,20136,21361,N
21070,20137,21362,N
21071,20137,21363,N
21072,20137,21364,N
21073,20137,21365,N
21074,20137,21366,N
21075,20137,21367,Y
21076,20137,21368,N
21077,20137,21369,N
21078,20137,21370,N
21079,20137,21371,N
21080,20138,21372,N
21081,20138,21373,N
21082,20138,21374,N
21083,20138,21375,N
21084,20138,21376,Y
21085,20138,21377,N
21086,20138,21378,N
21087,20138,21379,N
21088,20138,21380,N
21089,20138,21381,N
21090,20138,21382,Y
21091,20138,21383,N
21092,20138,21384,N
21093,20138,21385,N
21094,20138,21386,N
21095,20138,21387,N
21096,20138,21388,N
21097,20138,21389,N
21098,20139,21390,N
21099,20139,21391,Y
21100,20139,21392,N
21101,20139,21393,Y
21102,20139,21394,N
21103,20139,21395,N
21104,20139,21396,Y
21105,20139,21397,N
1,1,1,N
2,1,2,N
3,1,3,N
4,1,4,N
5,1,5,N
6,2,6,N
7,2,7,N
8,2,8,N
9,2,4,N
10,2,9,N
11,2,10,N
12,2,11,N
13,3,6,N
14,3,12,N
15,3,11,N
16,4,6,N
17,4,12,N
18,4,13,N
19,4,14,N
20,4,15,N
21,4,16,N
22,5,1,N
23,5,2,N
24,5,3,N
25,5,4,N
26,5,5,N
27,6,6,N
28,6,7,N
29,6,8,N
30,6,4,N
31,6,17,N
32,6,10,N
33,6,11,N
34,7,6,N
35,7,11,N
36,8,2,N
37,8,3,N
38,8,4,N
39,8,10,N
40,8,18,N
41,8,19,N
42,9,2,N
43,9,3,N
44,9,4,N
45,9,10,N
46,9,18,N
47,9,19,N
48,10,6,N
49,10,7,N
50,10,8,N
51,10,4,N
52,10,20,N
53,10,10,N
54,10,11,N
55,10,18,N
56,10,19,N
57,11,6,N
58,11,12,N
59,11,11,N
60,11,18,N
61,11,19,N
62,12,6,N
63,12,12,N
64,12,13,N
65,12,14,N
66,12,15,N
67,12,16,N
68,8,21,N
69,9,21,N
591,70,139,N
592,70,140,N
593,70,141,N
594,70,143,N
595,71,145,N
596,71,144,N
597,71,148,N
598,71,152,N
599,71,153,N
600,72,158,N
601,72,146,N
602,72,142,N
603,72,144,N
604,72,152,N
605,72,147,N
606,72,148,N
607,72,149,N
608,72,154,N
609,72,155,N
610,73,148,N
611,73,151,N
612,73,150,N
613,73,155,N
614,73,156,N
615,74,148,N
616,74,151,N
617,74,150,N
618,74,155,N
619,74,156,N
620,75,148,N
621,75,151,N
622,75,150,N
623,75,157,N
624,76,139,N
625,76,140,N
626,76,141,N
627,76,143,N
628,77,145,N
629,77,144,N
630,77,148,N
631,77,152,N
632,77,153,N
633,78,146,N
634,78,142,N
635,78,144,N
636,78,152,N
637,78,147,N
638,78,148,N
639,78,149,N
640,78,154,N
641,78,155,N
642,79,148,N
643,79,151,N
644,79,150,N
645,79,155,N
646,79,156,N
647,80,148,N
648,80,151,N
649,80,150,N
650,80,155,N
651,80,156,N
652,81,160,N
653,81,161,N
654,81,163,N
655,82,166,N
656,82,164,N
657,82,168,N
658,82,172,N
659,82,173,N
660,82,167,N
661,83,166,N
662,83,161,N
663,83,164,N
664,83,172,N
665,83,167,N
666,83,168,N
667,83,169,N
668,83,174,N
669,83,175,N
670,84,168,N
671,84,171,N
672,84,170,N
673,84,175,N
674,84,176,N
675,85,168,N
676,85,171,N
677,85,170,N
678,85,175,N
679,85,176,N
680,86,168,N
681,86,171,N
682,86,170,N
683,86,177,N
128,19,40,N
129,20,40,N
130,21,40,N
131,22,40,N
132,23,40,N
133,24,40,N
134,3,40,N
135,7,40,N
136,11,40,N
137,13,40,N
138,14,40,N
139,15,40,N
140,16,40,N
141,20,41,N
142,21,41,N
143,23,41,N
144,24,41,N
145,3,41,N
146,7,41,N
147,11,41,N
148,15,41,N
149,16,41,N
150,20,42,N
151,21,42,N
152,23,42,N
153,24,42,N
154,3,42,N
155,7,42,N
156,11,42,N
157,15,42,N
158,16,42,N
159,21,43,N
160,24,43,N
161,3,43,N
162,7,43,N
163,11,43,N
164,16,43,N
165,17,44,N
166,4,44,N
167,12,44,N
168,17,45,N
169,4,45,N
170,12,45,N
171,17,46,N
172,25,47,N
173,25,48,N
70,17,22,N
71,18,22,N
72,19,22,N
73,20,22,N
74,21,22,N
75,22,22,N
76,23,22,N
77,24,22,N
78,13,22,N
79,14,22,N
80,15,22,N
81,16,22,N
82,17,23,N
83,18,23,N
84,19,23,N
85,20,23,N
86,21,23,N
87,22,23,N
88,23,23,N
89,24,23,N
90,13,23,N
91,14,23,N
92,15,23,N
93,16,23,N
94,18,24,N
95,18,25,N
96,18,26,N
97,18,27,N
98,18,28,N
99,18,29,N
100,18,3,N
101,19,25,N
102,19,29,N
103,20,30,N
104,20,28,N
105,20,29,N
106,20,31,N
107,21,31,N
108,21,32,N
109,22,24,N
110,22,33,N
111,22,26,N
112,22,27,N
113,22,34,N
114,22,35,N
115,22,3,N
116,23,30,N
117,23,34,N
118,23,35,N
119,23,31,N
120,24,31,N
121,24,32,N
122,17,31,N
123,17,36,N
124,17,37,N
174,25,49,N
125,17,38,N
126,17,39,N
127,18,40,N
175,25,26,N
176,25,27,N
177,25,28,N
178,25,50,N
179,25,3,N
180,26,51,N
181,26,52,N
182,26,50,N
183,27,52,N
184,27,30,N
185,27,28,N
186,27,29,N
187,27,31,N
188,28,52,N
189,28,31,N
190,28,32,N
191,25,40,N
192,26,40,N
193,27,40,N
194,28,40,N
195,27,41,N
196,27,42,N
197,28,41,N
198,28,42,N
199,28,43,N
200,29,53,N
201,29,54,N
202,29,31,N
203,29,55,N
204,29,56,N
205,29,57,N
206,29,58,N
207,29,59,N
208,29,60,N
209,29,26,N
210,29,1,N
211,29,61,N
212,30,53,N
213,30,54,N
214,30,31,N
215,30,55,N
216,30,56,N
217,30,57,N
218,30,58,N
219,30,59,N
220,30,62,N
221,30,63,N
222,30,64,N
223,30,65,N
224,30,66,N
225,31,53,N
226,31,54,N
227,31,31,N
228,31,55,N
229,31,56,N
230,31,57,N
231,31,58,N
232,31,59,N
233,31,67,N
234,31,64,N
235,32,53,N
236,32,54,N
237,32,31,N
238,32,55,N
239,32,56,N
240,32,57,N
241,32,58,N
242,32,59,N
243,32,67,N
244,32,68,N
245,33,53,N
246,33,54,N
247,33,31,N
248,33,55,N
249,33,56,N
250,33,57,N
251,33,58,N
252,33,59,N
253,33,67,N
254,33,68,N
255,34,53,N
256,34,54,N
257,34,31,N
258,34,55,N
259,34,56,N
260,34,57,N
261,34,58,N
262,34,59,N
263,34,67,N
264,34,68,N
265,35,53,N
266,35,54,N
267,35,31,N
268,35,55,N
269,35,56,N
270,35,57,N
271,35,58,N
272,35,59,N
273,35,60,N
274,35,26,N
275,35,1,N
276,35,61,N
277,36,53,N
278,36,54,N
279,36,31,N
280,36,55,N
281,36,56,N
282,36,57,N
283,36,58,N
284,36,59,N
285,36,62,N
286,36,63,N
287,36,64,N
288,36,65,N
289,36,66,N
290,43,53,N
291,43,54,N
292,43,31,N
293,43,55,N
294,43,56,N
295,43,57,N
296,43,58,N
297,43,59,N
298,43,60,N
299,43,26,N
300,43,1,N
301,43,61,N
302,44,53,N
303,44,54,N
304,44,31,N
305,44,55,N
306,44,56,N
307,44,57,N
308,44,58,N
309,44,59,N
310,44,62,N
311,44,63,N
312,44,64,N
313,44,65,N
314,44,66,N
315,45,53,N
316,45,54,N
317,45,31,N
318,45,55,N
319,45,56,N
320,45,57,N
321,45,58,N
322,45,59,N
323,45,67,N
324,45,64,N
325,46,53,N
326,46,54,N
327,46,31,N
328,46,55,N
329,46,56,N
330,46,57,N
331,46,58,N
332,46,59,N
333,46,67,N
334,46,68,N
21106,20139,21398,N
21107,20139,21399,N
21108,20139,21400,Y
21109,20068,20025,N
21110,20069,20025,N
21111,20068,20026,N
21112,20069,20026,N
21113,20068,20027,N
21114,20069,20027,N
21115,20068,20028,N
21116,20069,20028,N
21117,20068,20029,N
21118,20069,20029,N
21119,20068,20030,N
21120,20069,20030,N
21121,20070,20031,Y
21122,20071,20031,Y
21123,20070,20032,N
21124,20071,20032,N
21125,20070,20033,N
21126,20071,20033,N
21127,20070,20034,Y
21128,20071,20034,Y
21129,20070,20035,Y
21130,20071,20035,Y
21131,20070,20036,N
21132,20071,20036,N
21133,20070,20037,N
21134,20071,20037,N
21135,20070,20038,N
21136,20071,20038,N
21137,20070,20039,N
21138,20071,20039,N
21139,20070,20040,N
21140,20071,20040,N
21141,20070,20041,N
21142,20071,20041,N
21143,20070,20042,N
21144,20071,20042,N
21145,20072,20043,Y
21146,20073,20043,Y
21147,20072,20044,N
21148,20073,20044,N
21149,20072,20045,Y
21150,20073,20045,Y
21151,20072,20046,Y
21152,20073,20046,Y
21153,20072,20047,Y
21154,20073,20047,Y
21155,20072,20048,Y
21156,20073,20048,Y
21157,20072,20049,Y
21158,20073,20049,Y
21159,20072,20050,Y
21160,20073,20050,Y
21161,20072,20051,N
21162,20073,20051,N
21163,20072,20052,N
21164,20073,20052,N
21165,20072,20053,N
21166,20073,20053,N
21167,20072,20054,N
21168,20073,20054,N
21169,20072,20055,N
21170,20073,20055,N
21171,20072,20056,N
21172,20073,20056,N
21173,20074,20057,Y
21174,20074,20058,N
21175,20074,20059,Y
21176,20074,20060,Y
21177,20074,20061,Y
21178,20074,20062,Y
21179,20074,20063,Y
21180,20074,20064,Y
21181,20074,20065,N
21182,20074,20066,N
21183,20074,20067,N
21184,20074,20068,N
21185,20074,20069,N
21186,20074,20070,N
21187,20074,20071,N
21188,20075,20072,N
21189,20075,20073,N
21190,20075,20074,N
21191,20075,20075,N
21192,20075,20076,N
21193,20075,20077,N
21194,20075,20078,N
21195,20075,20079,N
21196,20075,20080,N
21197,20076,20072,N
21198,20076,20073,N
21199,20076,20074,N
21200,20076,20075,N
21201,20076,20076,N
21202,20076,20077,N
21203,20076,20078,N
21204,20076,20079,N
21205,20076,20080,N
21206,20077,20081,Y
21207,20077,20082,Y
21208,20077,20083,Y
21209,20077,20084,N
21210,20077,20085,N
21211,20077,20086,N
21212,20077,20087,N
21213,20077,20088,N
21214,20077,20089,N
21215,20077,20090,N
21216,20078,20081,Y
21217,20078,20082,Y
21218,20078,20083,Y
21219,20078,20084,N
21220,20078,20085,N
21221,20078,20086,N
21222,20078,20087,N
21223,20078,20088,N
21224,20078,20089,N
21225,20078,20090,N
21226,20079,20091,Y
21227,20079,20092,Y
21228,20079,20093,Y
21229,20079,20094,Y
21230,20079,20095,N
21231,20079,20096,N
21232,20079,20097,N
21233,20079,20098,N
21234,20079,20099,N
21235,20079,20100,N
21236,20080,20091,Y
21237,20080,20092,Y
21238,20080,20093,Y
21239,20080,20094,Y
21240,20080,20095,N
21241,20080,20096,N
21242,20080,20097,N
21243,20080,20098,N
21244,20080,20099,N
21245,20080,20100,N
21246,20081,20326,N
21247,20081,20327,N
21248,20082,20328,N
21249,20082,20329,N
21250,20082,20330,N
21251,20083,20331,N
21252,20081,20332,N
21253,20081,20333,N
21254,20081,20334,N
21255,20081,20335,N
21256,20081,20336,N
21257,20081,20337,N
21258,20081,20338,N
21259,20081,20339,N
21260,20082,20340,Y
21261,20082,20341,Y
21262,20082,20342,N
21263,20082,20343,N
21264,20082,20344,N
21265,20082,20345,N
21266,20082,20346,N
21267,20082,20347,N
21268,20082,20348,N
21269,20082,20349,N
21270,20083,20350,Y
21271,20083,20351,Y
21272,20083,20352,N
21273,20083,20353,Y
21274,20083,20354,N
21275,20083,20355,N
21276,20083,20356,N
21277,20083,20357,N
21278,20083,20358,N
21279,20083,20359,N
21280,20084,20494,N
21281,20084,20495,N
21282,20084,20496,N
21283,20084,20497,N
21284,20085,20498,N
21285,20085,20499,N
21286,20085,20500,Y
21287,20085,20501,N
21288,20085,20502,N
21289,20085,20503,N
21290,20085,20504,N
21291,20085,20505,N
21292,20086,20506,N
21293,20086,20507,N
21294,20086,20508,Y
21295,20086,20509,Y
21296,20086,20510,N
21297,20086,20511,Y
21298,20086,20512,N
21299,20086,20513,N
21300,20086,20514,N
21301,20086,20515,N
21302,20086,20516,N
21303,20092,20680,N
21304,20092,20681,N
21305,20092,20682,N
21306,20092,20683,N
21307,20093,20649,N
21308,20093,20650,N
21309,20093,20651,N
21310,20093,20652,N
21311,20093,20653,N
21312,20093,20654,N
21313,20093,20655,N
21314,20093,20684,N
21315,20093,20685,N
21316,20093,20686,N
21317,20093,20687,N
21318,20094,20656,N
21319,20094,20657,N
21320,20094,20658,N
21321,20094,20659,Y
21322,20094,20660,Y
21323,20094,20661,Y
21324,20094,20662,Y
21325,20094,20663,N
21326,20094,20688,N
21327,20094,20689,N
21328,20094,20690,N
21329,20094,20793,N
21330,20095,20794,N
21331,20095,20795,N
21332,20095,20796,N
21333,20095,20797,N
21334,20096,20798,N
21335,20096,20799,N
21336,20096,20800,N
21337,20096,20801,N
21338,20097,20664,N
21339,20097,20665,N
21340,20097,20666,N
21341,20097,20667,N
21342,20097,20668,Y
21343,20097,20669,Y
21344,20097,20670,Y
21345,20097,20671,N
21346,20097,20802,N
21347,20097,20803,N
21348,20097,20804,N
21349,20097,20805,N
21350,20098,20806,N
21351,20098,20807,N
21352,20098,20808,N
21353,20098,20809,N
21354,20099,20810,N
21355,20099,20811,N
21356,20099,20812,N
21357,20099,20813,N
21358,20100,20672,N
21359,20100,20673,N
21360,20100,20674,N
21361,20100,20675,N
21362,20100,20676,Y
21363,20100,20677,N
21364,20100,20678,Y
21365,20100,20679,N
21366,20100,20814,N
21367,20100,20815,N
21368,20100,20816,N
21369,20100,20817,N
21370,20101,20818,N
21371,20101,20819,N
21372,20101,20820,N
21373,20101,20821,N
21374,20102,20822,N
21375,20102,20823,N
21376,20102,20824,N
21377,20102,20825,N
21378,20103,20928,Y
21379,20104,20929,Y
21380,20104,20930,N
21381,20105,20931,Y
21382,20105,20932,N
21383,20106,20933,Y
21384,20106,20934,N
21385,20103,20935,N
21386,20103,20936,N
21387,20103,20937,N
21388,20103,20938,N
21389,20103,20939,N
21390,20103,20940,N
21391,20104,20941,Y
21392,20104,20942,N
21393,20104,20943,Y
21394,20104,20944,N
21395,20104,20945,N
21396,20104,20946,Y
21397,20104,20947,N
21398,20105,20948,Y
21399,20105,20949,N
21400,20105,20950,Y
21401,20105,20951,Y
21402,20105,20952,Y
21403,20105,20953,Y
21404,20105,21153,N
21405,20106,20954,Y
21406,20106,20955,N
21407,20106,20956,Y
21408,20106,20957,Y
21409,20106,20958,Y
21410,20106,21154,Y
21411,20106,20959,N
21412,20107,20960,N
21413,20107,20961,N
21414,20107,20962,N
21415,20108,20963,N
21416,20108,20964,N
21417,20108,20965,N
21418,20108,20966,N
21419,20109,20967,N
21420,20109,20968,N
21421,20109,20969,N
21422,20109,20970,N
21423,20110,20971,N
21424,20110,20972,N
21425,20110,20973,N
21426,20111,20974,N
21427,20111,20975,N
21428,20111,20976,N
21429,20111,20977,N
21430,20112,20978,N
21431,20112,20979,N
21432,20112,20980,N
21433,20112,20981,N
21434,20104,20982,N
21435,20105,20983,N
21436,20113,20984,Y
21437,20113,20985,N
21438,20113,20986,N
21439,20113,20987,N
21440,20113,20988,N
21441,20113,20989,N
21442,20113,21005,N
21443,20113,21006,N
21444,20113,21007,N
21445,20117,21008,Y
21446,20117,21009,N
21447,20117,21010,N
21448,20117,21011,N
21449,20117,21012,N
21450,20117,21013,N
21451,20117,21014,N
21452,20117,21015,N
21453,20117,21016,N
21454,20114,21017,Y
21455,20114,21018,N
21456,20114,21019,N
21457,20114,21020,N
21458,20114,21021,N
21459,20114,21022,Y
21460,20114,21023,N
21461,20114,21024,N
21462,20114,21025,N
21463,20114,21026,N
21464,20114,21027,N
21465,20118,21028,Y
21466,20118,21029,N
21467,20118,21030,N
21468,20118,21031,N
21469,20118,21032,N
21470,20118,21033,Y
21471,20118,21034,N
21472,20118,21035,N
21473,20118,21036,N
21474,20118,21037,N
21475,20118,21038,N
21476,20115,21039,Y
21477,20115,21040,N
21478,20115,21041,N
21479,20115,21042,N
21480,20115,21043,Y
21481,20115,21044,N
21482,20115,21045,Y
21483,20115,21046,N
21484,20115,21047,N
21485,20115,21048,N
21486,20115,21049,N
21487,20115,21050,N
21488,20119,21051,Y
21489,20119,21052,N
21490,20139,21401,N
21491,20139,21402,Y
21492,20139,21403,N
21493,20139,21404,N
21494,20139,21405,N
21495,20139,21406,N
21496,20139,21407,N
21497,20139,21408,N
21498,20139,21409,N
21499,20139,21410,N
21500,20140,21414,N
21501,20140,21415,Y
21502,20140,21416,Y
21503,20140,21417,Y
21504,20140,21418,N
21505,20140,21419,N
21506,20140,21420,Y
21507,20140,21421,N
21508,20140,21422,N
21509,20140,21423,N
21510,20140,21424,Y
21511,20140,21425,N
21512,20140,21426,Y
21513,20140,21427,N
21514,20140,21428,N
21515,20140,21429,N
21516,20140,21430,N
21517,20140,21431,N
21518,20140,21432,N
21519,20140,21433,N
21520,20140,21434,N
21521,20063,21242,Y
21522,20063,21243,Y
21523,20063,21244,N
21524,20063,21245,N
21525,20063,21246,N
21526,20063,21247,N
21527,20063,21248,N
21528,20063,21249,N
21529,20063,21250,N
21530,20063,21251,N
21531,20063,21252,Y
21532,20063,21253,Y
21533,20063,21254,Y
21534,20063,21255,Y
21535,20064,21257,Y
21536,20064,21258,N
21537,20064,21259,N
21538,20064,21260,N
21539,20064,21261,N
21540,20064,21268,Y
21541,20064,21269,N
21542,20064,21270,N
21543,20064,21271,N
21544,20064,21272,N
21545,20064,21273,N
21546,20064,21274,Y
21547,20064,21275,N
21548,20064,21276,N
21549,20064,21277,N
21550,20064,21278,N
21551,20064,21279,N
21552,20064,21280,N
21553,20064,21256,N
21554,20064,21266,N
21555,20064,21267,N
21556,20064,21435,N
21557,20064,21436,N
21558,20064,21437,N
21559,20064,21438,N
21560,20064,21439,N
21561,20064,21440,N
21562,20064,21441,N
21563,20064,21411,N
21564,20064,21412,N
21565,20064,21413,N
21566,20065,21257,Y
21567,20065,21258,N
21568,20065,21259,N
21569,20065,21260,N
21570,20065,21261,N
21571,20065,21268,Y
21572,20065,21269,N
21573,20065,21270,N
21574,20065,21271,N
21575,20065,21272,N
21576,20065,21273,N
21577,20065,21274,Y
21578,20065,21275,N
21579,20065,21276,N
21580,20065,21277,N
21581,20065,21278,N
21582,20065,21279,N
21583,20065,21280,N
21584,20065,21256,N
21585,20065,21266,N
21586,20065,21267,N
21587,20065,21435,N
21588,20065,21436,N
21589,20065,21437,N
21590,20065,21438,N
21591,20065,21439,N
21592,20065,21440,N
21593,20065,21441,N
21594,20065,21411,N
21595,20065,21412,N
21596,20065,21413,N
21597,20066,21262,Y
21598,20066,21263,N
21599,20066,21264,N
21600,20066,21265,N
21601,20066,21268,Y
21602,20066,21269,N
21603,20066,21270,N
21604,20066,21271,N
21605,20066,21272,N
21606,20066,21273,N
21607,20066,21274,Y
21608,20066,21275,N
21609,20066,21276,N
21610,20066,21277,N
21611,20066,21278,N
21612,20066,21279,N
21613,20066,21280,N
21614,20066,21256,N
21615,20066,21266,Y
21616,20066,21435,N
21617,20066,21436,N
21618,20066,21437,N
21619,20066,21438,N
21620,20066,21439,N
21621,20066,21440,N
21622,20066,21441,N
21623,20066,21411,N
21624,20066,21412,N
21625,20066,21413,N
21626,20067,21262,Y
21627,20067,21263,N
21628,20067,21264,N
21629,20067,21265,N
21630,20067,21268,Y
21631,20067,21269,N
21632,20067,21270,N
21633,20067,21271,N
21634,20067,21272,N
21635,20067,21273,N
21636,20067,21274,Y
21637,20067,21275,N
21638,20067,21276,N
21639,20067,21277,N
21640,20067,21278,N
21641,20067,21279,N
21642,20067,21280,N
21643,20067,21256,N
21644,20067,21266,Y
21645,20067,21435,N
21646,20067,21436,N
21647,20067,21437,N
21648,20067,21438,N
21649,20067,21439,N
21650,20067,21440,N
21651,20067,21441,N
21652,20067,21411,N
21653,20067,21412,N
21654,20067,21413,N
40001,40006,40001,Y
40002,40006,40002,N
40003,40006,40003,N
40004,40006,40008,N
40005,40007,40001,Y
40006,40007,40008,N
40007,40008,40001,Y
40008,40008,40009,N
40009,40009,40001,Y
40010,40009,40002,N
40011,40009,40003,N
40012,40009,40004,N
40013,40009,40005,N
40014,40009,40008,N
40015,40010,40001,Y
40016,40010,40002,N
40017,40010,40003,N
40018,40010,40004,N
40019,40010,40005,N
40020,40010,40006,N
40021,40010,40007,N
40022,40010,40009,N
40023,40011,40001,Y
40024,40011,40002,N
40025,40011,40003,N
40026,40011,40004,N
40027,40011,40005,N
40028,40011,40008,N
40029,40011,40010,N
40030,40012,40001,Y
40031,40012,40002,N
40032,40012,40003,N
40033,40012,40004,N
40034,40012,40005,N
40035,40012,40006,N
40036,40012,40007,N
40037,40012,40009,N
40038,40012,40010,N
40039,40013,40011,Y
40040,40013,40012,N
40041,40014,40011,Y
40042,40014,40012,N
40043,40015,40011,Y
40044,40015,40012,N
40045,40016,40011,Y
40046,40016,40012,N
40047,40017,40011,Y
40048,40017,40012,N
40049,40018,40014,Y
40050,40018,40015,N
40051,40018,40016,N
40052,40018,40017,N
40053,40018,40018,N
40054,40018,40019,N
40055,40018,40020,N
40056,40018,40021,N
40057,40018,40022,N
40058,40019,40014,Y
40059,40019,40015,N
40060,40019,40016,N
40061,40019,40017,N
40062,40019,40018,N
40063,40019,40019,N
40064,40019,40020,N
40065,40019,40021,N
40066,40019,40022,N
40067,40020,40014,Y
40068,40020,40015,N
40069,40020,40016,N
40070,40020,40017,N
40071,40020,40018,N
40072,40020,40019,N
40073,40020,40020,N
40074,40020,40021,N
40075,40020,40022,N
40076,40021,40014,Y
40077,40021,40015,N
40078,40021,40016,N
40079,40021,40017,N
40080,40021,40018,N
40081,40021,40019,N
40082,40021,40020,N
40083,40021,40021,N
40084,40021,40022,N
40085,40022,40014,Y
40086,40022,40015,N
40087,40022,40016,N
40088,40022,40017,N
40089,40022,40018,N
40090,40022,40019,N
40091,40022,40020,N
40092,40022,40021,N
40093,40022,40022,N
40094,40023,40023,Y
40095,40023,40024,Y
40096,40023,40030,N
40097,40023,40031,N
40098,40023,40026,N
40099,40023,40027,N
40100,40023,40028,N
40101,40023,40029,N
40102,40023,40033,N
40103,40023,40034,N
40104,40024,40023,Y
40105,40024,40024,Y
40106,40024,40030,N
40107,40024,40031,N
40108,40024,40026,N
40109,40024,40027,N
40110,40024,40028,N
40111,40024,40029,N
40112,40024,40033,N
40113,40024,40034,N
40114,40025,40023,Y
40115,40025,40025,Y
40116,40025,40030,N
40117,40025,40031,N
40118,40025,40026,N
40119,40025,40027,N
40120,40025,40028,N
40121,40025,40029,N
40122,40025,40033,N
40123,40025,40034,N
40124,40026,40023,Y
40125,40026,40024,Y
40126,40026,40030,N
40127,40026,40031,N
40128,40026,40026,N
40129,40026,40027,N
40130,40026,40028,N
40131,40026,40029,N
40132,40026,40033,N
40133,40026,40034,N
40134,40027,40023,Y
40135,40027,40024,Y
40136,40027,40030,N
40137,40027,40031,N
40138,40027,40026,N
40139,40027,40027,N
40140,40027,40028,N
40141,40027,40029,N
40142,40027,40033,N
40143,40027,40034,N
40144,40028,40023,Y
40145,40028,40025,Y
40146,40028,40030,N
40147,40028,40031,N
40148,40028,40026,N
40149,40028,40027,N
40150,40028,40028,N
40151,40028,40029,N
40152,40028,40033,N
40153,40028,40034,N
40154,40006,40036,N
40155,40007,40036,N
40156,40008,40036,N
40157,40009,40036,N
40158,40010,40036,N
40159,40011,40036,N
40160,40012,40036,N
40161,40018,40035,N
40162,40019,40035,N
40163,40020,40035,N
40164,40021,40035,N
40165,40022,40035,N
60001,60012,60001,N
60002,60013,60001,N
60003,60014,60001,N
60004,60015,60002,N
60005,60015,60003,N
60006,60015,60004,N
60007,60015,60005,N
60008,60016,60002,N
60009,60016,60003,N
60010,60016,60004,N
60011,60016,60005,N
60012,60017,60001,N
60013,60017,60005,N
60014,60018,60001,N
60015,60018,60005,N
60016,60017,60006,Y
60017,60018,60006,Y
60018,60017,60007,N
60019,60018,60007,N
60020,60019,60005,N
60021,60019,60008,N
60022,60020,60005,N
60023,60020,60008,N
60024,60027,60004,N
60025,60027,60005,N
60026,60027,60006,N
60027,60027,60007,N
60028,60028,60004,N
60029,60028,60005,N
60030,60028,60006,N
60031,60028,60007,N
60032,60036,60009,Y
60033,60036,60010,N
60034,60036,60011,N
60035,60037,60012,N
60036,60038,60009,Y
60037,60038,60010,N
60038,60038,60011,N
60039,60039,60009,Y
60040,60039,60010,N
60041,60039,60011,N
90001,80001,90001,N
90002,80001,90002,N
90003,80001,90003,N
90004,80001,90004,N
90005,80001,90005,N
90006,80001,90006,N
90007,80001,90008,N
90008,80001,90009,N
90009,80001,90010,N
90010,80001,90011,N
90011,80001,90012,N
90012,80002,90001,N
90013,80002,90002,N
90014,80002,90003,N
90015,80002,90004,N
90016,80002,90005,N
90017,80002,90007,N
90018,80002,90009,N
90019,80002,90013,N
90020,80002,90010,N
90021,80002,90016,N
90022,80003,90001,N
90023,80003,90002,N
90024,80003,90003,N
90025,80003,90004,N
90026,80003,90005,N
90027,80003,90007,N
90028,80003,90014,N
90029,80003,90015,N
90030,80004,90001,N
90031,80004,90002,N
90032,80004,90003,N
90033,80004,90004,N
90034,80004,90005,N
90035,80004,90007,N
90036,80004,90014,N
90037,80004,90015,N
90038,80005,90001,N
90039,80005,90002,N
90040,80005,90003,N
90041,80005,90004,N
90042,80005,90005,N
90043,80005,90007,N
90044,80005,90014,N
90045,80006,90001,N
90046,80006,90002,N
90047,80006,90003,N
90048,80006,90004,N
90049,80006,90005,N
90050,80006,90007,N
90051,80006,90014,N
90052,80006,90017,N
90054,80012,90019,Y
