"TRIM_COLOR_ID","TRIM_ID","COLOR_ID"
20526,20083,20091
20527,20083,20092
20528,20083,20093
20529,20083,20094
20530,20083,20095
20531,20083,20096
20532,20083,20097
20533,20083,20098
20534,20083,20099
20535,20092,20014
20536,20092,20015
20537,20092,20016
20538,20092,20017
20539,20092,20018
20540,20092,20019
20541,20093,20014
20542,20093,20015
20543,20093,20016
20544,20093,20017
20545,20093,20018
20546,20093,20019
20547,20094,20014
20548,20094,20015
20549,20094,20016
20550,20094,20017
20551,20094,20018
20552,20094,20019
20553,20095,20014
20554,20095,20015
20555,20095,20016
20556,20095,20017
20557,20095,20018
20558,20095,20019
20559,20096,20014
20560,20096,20015
20561,20096,20016
20562,20096,20017
20563,20096,20018
20564,20096,20019
20565,20097,20014
20566,20097,20015
20567,20097,20016
20568,20097,20017
20569,20097,20018
20570,20097,20019
20571,20098,20014
20572,20098,20015
20573,20098,20016
20574,20098,20017
20575,20098,20018
20576,20098,20019
20577,20099,20014
20578,20099,20015
20579,20099,20016
20580,20099,20017
20581,20099,20018
20582,20099,20019
20583,20100,20014
20584,20100,20015
20585,20100,20016
20586,20100,20017
20587,20100,20018
20588,20100,20019
20589,20101,20014
20590,20101,20015
20591,20101,20016
20592,20101,20017
20593,20101,20018
20594,20101,20019
20595,20102,20014
20596,20102,20015
20597,20102,20017
20598,20102,20018
20599,20102,20019
20600,20103,20100
20601,20103,20101
20602,20103,20102
20603,20103,20103
20604,20103,20104
20605,20103,20105
20606,20103,20106
20607,20104,20100
20608,20104,20101
20609,20104,20102
20610,20104,20103
20611,20104,20104
20612,20104,20105
20613,20104,20106
20614,20105,20100
20615,20105,20101
20616,20105,20102
20617,20105,20103
20618,20105,20104
20619,20105,20105
20620,20105,20106
20621,20106,20100
20622,20106,20101
20623,20106,20102
20624,20106,20103
20625,20107,20100
20626,20107,20101
20627,20107,20102
20628,20107,20103
20629,20107,20104
20630,20107,20105
20631,20107,20106
20632,20108,20100
20633,20108,20101
20634,20108,20102
20635,20108,20103
20636,20108,20104
20637,20108,20105
20638,20108,20106
20639,20109,20100
20640,20109,20101
20641,20109,20102
20642,20109,20103
20643,20109,20104
20644,20109,20105
20645,20109,20106
20646,20110,20100
20647,20110,20101
20648,20110,20102
20649,20110,20103
20650,20110,20104
20651,20110,20105
20652,20110,20106
20653,20111,20100
20654,20111,20101
20655,20111,20102
20656,20111,20103
20657,20111,20104
20658,20111,20105
20659,20111,20106
20660,20112,20100
20661,20112,20101
20662,20112,20102
20663,20112,20103
20664,20112,20104
20665,20112,20105
20666,20112,20106
20667,20113,20107
20668,20113,20108
20669,20113,20109
20670,20113,20110
20671,20113,20111
20672,20114,20107
20673,20114,20108
20674,20114,20109
20675,20114,20110
20676,20114,20111
20677,20115,20107
20678,20115,20108
20679,20115,20109
20680,20115,20110
20681,20115,20111
20682,20116,20107
20683,20116,20108
20684,20116,20109
20685,20116,20110
20686,20116,20111
20687,20117,20107
20688,20117,20108
20689,20117,20109
20690,20117,20110
20691,20117,20111
20692,20118,20107
20693,20118,20108
20694,20118,20109
20695,20118,20110
20696,20118,20111
20697,20119,20107
20698,20119,20108
20699,20119,20109
20700,20119,20110
20701,20119,20111
20702,20120,20107
20703,20120,20108
20704,20120,20109
20705,20120,20110
20706,20120,20111
20707,20121,20107
20708,20121,20108
20709,20121,20109
20710,20121,20110
20711,20121,20111
20712,20122,20107
20713,20122,20108
20714,20122,20109
20715,20122,20110
20716,20122,20111
20717,20123,20107
20718,20123,20108
20719,20123,20109
20720,20123,20110
20721,20123,20111
20722,20124,20107
20723,20124,20108
20724,20124,20109
20725,20124,20110
20726,20124,20111
20727,20125,20107
20728,20125,20108
20729,20125,20109
20730,20125,20110
20731,20125,20111
20732,20126,20107
20733,20126,20108
20734,20126,20109
20735,20126,20110
20736,20126,20111
20737,20127,20107
20738,20127,20108
20739,20127,20109
20740,20127,20110
20741,20127,20111
20742,20128,20107
20743,20128,20108
20744,20128,20109
20745,20128,20110
20746,20128,20111
20747,20129,20112
20748,20129,20113
20749,20129,20114
20750,20129,20115
20751,20129,20116
20752,20129,20117
20753,20130,20112
20754,20130,20113
20755,20130,20114
20756,20130,20115
20757,20130,20116
20758,20130,20117
20759,20131,20112
20760,20131,20113
20761,20131,20114
20762,20131,20115
20763,20131,20116
20764,20131,20117
20765,20132,20112
20766,20132,20113
20767,20132,20114
20768,20132,20115
20769,20132,20116
20770,20132,20117
20771,20132,20118
20772,20132,20119
20773,20133,20112
20774,20133,20113
20775,20133,20114
20776,20133,20115
20777,20133,20116
20778,20133,20117
20779,20134,20112
20780,20134,20113
20781,20134,20114
20782,20134,20115
20783,20134,20116
20784,20134,20117
20785,20135,20112
20786,20135,20113
20787,20135,20114
20788,20135,20115
20789,20135,20116
20790,20135,20117
20791,20136,20112
20792,20136,20113
20793,20136,20114
20794,20136,20115
20795,20136,20116
20796,20136,20117
20797,20136,20118
20798,20136,20119
20799,20137,20112
20800,20137,20113
20801,20137,20114
20802,20137,20115
20803,20137,20116
20804,20137,20117
20805,20138,20112
20806,20138,20113
20807,20138,20114
20808,20138,20115
20809,20138,20116
20810,20138,20117
20811,20139,20112
20812,20139,20113
20813,20139,20114
20814,20139,20115
20815,20139,20116
20816,20139,20117
20817,20140,20112
20818,20140,20113
20819,20140,20114
20820,20140,20115
20821,20140,20116
20822,20140,20117
20823,20140,20118
20824,20140,20119
20825,20141,20125
20826,20141,20126
20827,20141,20127
20828,20141,20128
20829,20141,20129
20830,20142,20125
20831,20142,20126
20832,20142,20127
20833,20142,20128
20834,20142,20129
20835,20143,20125
20836,20143,20126
20837,20143,20127
20838,20143,20128
20839,20143,20129
20840,20144,20130
20841,20144,20131
20842,20144,20132
20843,20144,20133
20844,20144,20134
20845,20145,20130
20846,20145,20131
20847,20145,20132
20848,20145,20133
20849,20145,20134
80102,80012,80025
80074,58,80025
80075,59,80025
80076,60,80025
80077,69,80025
80078,20084,80025
80079,20085,80025
80080,20086,80025
80081,20087,80025
80082,20088,80025
80083,20089,80025
80084,20090,80025
80085,20091,80025
80086,60019,80025
80087,60020,80025
80088,60021,80025
80089,60022,80025
80090,60023,80025
80091,60024,80025
80092,60025,80025
80093,60026,80025
80094,60029,80025
80095,60030,80025
80096,60031,80025
80097,60032,80025
80098,60033,80025
80099,60034,80025
80100,60035,80025
20850,20146,20130
20851,20146,20131
20852,20146,20132
20853,20146,20133
20854,20146,20134
20855,20147,20130
20856,20147,20131
20857,20147,20132
20858,20147,20133
20859,20147,20134
20860,20148,20130
20861,20148,20131
20862,20148,20132
20863,20148,20133
20864,20148,20134
20865,20149,20130
20866,20149,20131
20867,20149,20132
20868,20149,20133
20869,20149,20134
20870,20150,20130
20871,20150,20131
20872,20150,20132
20873,20150,20133
20874,20150,20134
20875,20151,20130
20876,20151,20131
20877,20151,20132
20878,20151,20133
20879,20151,20134
40001,40001,40019
40002,40001,40045
40003,40001,40021
40004,40001,40022
40005,40001,40023
40006,40001,40024
40007,40001,40040
40008,40001,40039
40009,40002,40031
40010,40002,40032
40011,40002,40033
40012,40002,40034
40013,40002,40035
40014,40002,40036
40015,40002,40037
40016,40003,40031
40017,40003,40032
40018,40003,40033
40019,40003,40034
40020,40003,40035
40021,40003,40036
40022,40003,40037
40023,40004,40039
40024,40004,40040
40025,40004,40041
40026,40004,40042
40027,40004,40043
40028,40004,40044
40029,40004,40045
40030,40005,40039
40031,40005,40040
40032,40005,40041
40033,40005,40042
40034,40005,40043
40035,40005,40044
40036,40005,40045
40037,40006,40001
40038,40006,40002
40039,40006,40003
40040,40007,40001
40041,40007,40002
40042,40007,40003
40043,40008,40001
40044,40008,40004
40045,40008,40005
40046,40009,40001
40047,40009,40002
40048,40009,40003
40049,40010,40001
40050,40010,40004
40051,40010,40005
40052,40011,40001
40053,40011,40002
40054,40011,40003
40055,40012,40001
40056,40012,40004
40057,40012,40005
40058,40016,40008
40059,40017,40006
40060,40017,40007
40061,40017,40008
40062,40018,40009
40063,40018,40010
40064,40018,40011
40065,40019,40009
40066,40019,40010
40067,40019,40011
40068,40020,40009
40069,40020,40010
40070,40020,40011
40071,40021,40009
40072,40021,40010
40073,40021,40011
40074,40022,40009
40075,40022,40010
40076,40022,40011
40077,40023,40014
40078,40023,40015
40079,40023,40016
40080,40024,40014
40081,40024,40015
40082,40024,40016
40083,40025,40014
40084,40025,40015
40085,40025,40016
40086,40026,40014
40087,40026,40015
40088,40026,40016
40089,40027,40014
40090,40027,40015
40091,40027,40016
40092,40028,40014
40093,40028,40015
40094,40028,40016
40095,40013,40006
40096,40013,40007
40097,40013,40008
40098,40014,40006
40099,40014,40007
40100,40014,40008
40101,40015,40006
40102,40015,40007
40103,40015,40008
40104,40016,40006
40105,40016,40007
40106,40029,40019
40107,40029,40021
40108,40030,40019
40109,40030,40021
40110,40031,40019
40111,40031,40021
40112,40032,40019
40113,40032,40021
40114,40033,40019
40115,40033,40021
40116,40034,40019
40117,40034,40021
60001,60001,60001
60002,60001,60002
60003,60001,60003
60004,60001,60004
60005,60002,60001
60006,60002,60002
60007,60002,60005
60008,60002,60006
60009,60002,60007
60010,60002,60008
60011,60002,60009
60012,60003,60001
60013,60003,60002
60014,60003,60005
60015,60003,60006
60016,60003,60007
60017,60003,60008
60018,60003,60009
60019,60004,60001
60020,60004,60002
60021,60004,60005
60022,60004,60006
60023,60004,60007
60024,60004,60008
60025,60004,60009
60026,60005,60010
60027,60005,60011
60028,60005,60001
60029,60005,60002
60030,60005,60003
60031,60005,60004
60032,60006,60010
60033,60006,60011
60034,60006,60001
60035,60006,60002
60036,60006,60003
60037,60006,60004
60044,60008,60012
60045,60008,60013
60046,60008,60014
60047,60008,60015
60048,60008,60016
60049,60008,60017
60050,60008,60018
60051,60008,60019
60052,60009,60020
60053,60009,60021
60054,60009,60022
60055,60009,60023
60056,60010,60001
60057,60010,60024
60058,60010,60025
60059,60010,60026
60060,60010,60027
60061,60010,60028
60062,60010,60029
60063,60010,60030
60064,60010,60031
60065,60011,60001
60066,60011,60024
60067,60011,60025
60068,60011,60026
60069,60011,60027
60070,60011,60028
60071,60011,60029
60072,60011,60030
60073,60011,60031
60074,60012,60032
60075,60012,60033
60076,60012,60034
60077,60013,60032
60078,60013,60033
60079,60013,60034
60080,60014,60032
60081,60014,60033
60082,60014,60034
60083,60015,60034
60084,60015,60035
60085,60015,60036
60086,60015,60037
60087,60015,60038
60088,60015,60039
60089,60016,60034
60090,60016,60035
60091,60016,60036
60092,60016,60037
60093,60016,60038
60094,60016,60039
60095,60017,60034
60096,60017,60037
60097,60017,60040
60098,60017,60041
60099,60017,60042
60100,60017,60043
60101,60018,60034
60102,60018,60037
60103,60018,60040
60104,60018,60041
60105,60018,60042
60106,60018,60043
60107,60027,60034
60108,60027,60035
60109,60027,60036
60110,60027,60037
60111,60027,60038
60112,60027,60039
60113,60028,60034
60114,60028,60035
60115,60028,60036
60116,60028,60037
60117,60028,60038
60118,60028,60039
60119,60036,60044
60120,60036,60045
60121,60036,60046
60122,60036,60047
60123,60036,60048
60124,60036,60049
60125,60038,60044
60126,60038,60045
60127,60038,60046
60128,60038,60047
60129,60038,60048
60130,60038,60049
60131,60039,60044
60132,60039,60045
60133,60039,60046
60134,60039,60047
60135,60039,60048
60136,60039,60049
60137,60037,60050
60138,60037,60051
60139,60037,60052
60140,60037,60053
60141,60037,60054
80001,80001,80001
80002,80001,80003
80003,80001,80004
80004,80001,80005
80005,80001,80006
80006,80001,80007
80007,80001,80008
80008,80002,80001
80009,80002,80003
80010,80002,80004
80011,80002,80005
80012,80002,80006
80013,80002,80007
80014,80002,80008
80015,80003,80001
80016,80003,80003
80017,80003,80004
80018,80003,80005
80019,80003,80006
80020,80003,80007
80021,80003,80008
80022,80004,80001
80023,80004,80008
80024,80005,80001
80025,80005,80003
80026,80005,80004
80027,80005,80005
80028,80005,80006
80029,80005,80007
80030,80005,80008
80032,80006,80001
80033,80006,80002
80031,80006,80008
80066,80010,80017
80067,80010,80018
80068,80010,80019
80069,80010,80020
80070,80010,80021
80071,80010,80022
80072,80010,80023
80073,80010,80024
1,1,1
2,1,2
3,1,3
4,1,4
5,1,5
6,1,6
7,1,7
8,2,1
9,2,2
10,2,3
11,2,4
12,2,5
13,2,6
14,2,7
15,3,1
16,3,2
17,3,3
18,3,4
19,3,5
20,3,6
21,3,7
22,4,1
23,4,2
24,4,3
25,4,4
26,4,5
27,4,6
28,4,7
29,5,1
30,5,2
31,5,3
32,5,4
33,5,5
34,5,6
35,5,7
36,6,1
37,6,2
38,6,3
39,6,4
40,6,5
41,6,6
42,6,7
43,7,1
44,7,2
45,7,3
46,7,4
47,7,5
48,7,6
49,7,7
50,8,1
51,8,2
52,8,3
53,8,4
54,8,5
55,8,6
56,8,7
57,9,1
58,9,2
59,9,3
60,9,4
61,9,5
62,9,6
63,9,7
64,10,1
65,10,2
66,10,3
67,10,4
68,10,5
69,10,6
70,10,7
71,11,1
72,11,2
73,11,3
74,11,4
75,11,5
76,11,6
77,11,7
78,12,1
79,12,2
80,12,3
81,12,4
82,12,5
83,12,6
84,12,7
85,13,8
86,13,9
87,13,10
88,13,11
89,13,12
90,13,13
91,13,14
92,13,15
93,14,8
94,14,9
95,14,10
96,14,11
97,14,12
98,14,13
99,14,14
100,14,15
101,15,8
102,15,9
103,15,10
104,15,11
105,15,12
106,15,13
107,15,14
108,15,15
109,16,8
110,16,9
111,16,10
112,16,11
113,16,12
114,16,13
115,16,14
116,16,15
117,17,8
118,17,9
119,17,10
120,17,11
121,17,12
122,17,13
123,17,14
124,17,15
125,18,8
126,18,9
127,18,10
128,18,11
129,18,12
130,18,13
131,18,14
132,18,15
133,19,8
134,19,9
135,19,10
136,19,11
137,19,12
138,19,13
139,19,14
140,19,15
141,20,8
142,20,9
143,20,10
144,20,11
145,20,12
146,20,13
147,20,14
148,20,15
149,21,8
150,21,9
151,21,10
152,21,11
153,21,12
154,21,13
155,21,14
156,21,15
157,22,8
158,22,9
159,22,10
160,22,11
161,22,12
162,22,13
163,22,14
164,22,15
165,23,8
166,23,9
167,23,10
168,23,11
169,23,12
170,23,13
171,23,14
172,23,15
173,24,8
174,24,9
175,24,10
176,24,11
177,24,12
178,24,13
179,24,14
180,24,15
377,70,46
378,70,47
379,70,48
380,70,49
381,70,50
382,70,51
383,71,46
384,71,47
385,71,48
386,71,49
387,71,50
388,71,51
389,72,46
390,72,47
391,72,48
392,72,49
393,72,50
394,72,51
395,73,46
396,73,47
397,73,48
398,73,49
399,73,50
400,73,51
401,74,46
402,74,47
403,74,48
404,74,49
405,74,50
406,74,51
407,75,46
408,75,47
409,75,48
410,75,49
411,75,50
412,75,51
413,76,46
414,76,47
415,76,48
416,76,49
417,76,50
418,76,51
419,77,46
420,77,47
421,77,48
422,77,49
423,77,50
424,77,51
425,78,46
426,78,47
427,78,48
428,78,49
429,78,50
430,78,51
431,79,46
432,79,47
433,79,48
434,79,49
435,79,50
436,79,51
437,80,46
438,80,47
439,80,48
440,80,49
441,80,50
442,80,51
443,81,46
444,81,47
445,81,48
446,81,49
447,81,50
448,81,51
449,82,46
450,82,47
451,82,48
452,82,49
453,82,50
454,82,51
455,83,46
456,83,47
457,83,48
458,83,49
459,83,50
460,83,51
461,84,46
462,84,47
463,84,48
464,84,49
465,84,50
466,84,51
467,85,46
468,85,47
469,85,48
470,85,49
471,85,50
472,85,51
473,86,46
474,86,47
475,86,48
476,86,49
477,86,50
478,86,51
181,25,7
182,25,8
183,25,9
184,25,10
185,25,11
186,25,12
187,25,13
188,25,14
189,25,15
190,26,7
191,26,8
192,26,9
193,26,10
194,26,11
195,26,12
196,26,13
197,26,14
198,26,15
199,27,7
200,27,8
201,27,9
202,27,10
203,27,11
204,27,12
205,27,13
206,27,14
207,27,15
208,28,7
209,28,8
210,28,9
211,28,10
212,28,11
213,28,12
214,28,13
215,28,14
216,28,15
217,29,7
218,29,8
219,29,9
220,29,10
221,29,11
222,29,13
223,29,14
224,29,16
225,30,7
226,30,8
227,30,9
228,30,10
229,30,11
230,30,13
231,30,14
232,30,16
233,31,7
234,31,8
235,31,9
236,31,10
237,31,11
238,31,13
239,31,14
240,31,16
241,32,7
242,32,8
243,32,9
244,32,10
245,32,11
246,32,13
247,32,14
248,32,16
249,33,7
250,33,8
251,33,9
252,33,10
479,49,1
480,49,7
481,49,11
482,49,19
483,49,22
484,49,23
485,49,24
486,49,25
487,49,26
488,50,1
489,50,7
490,50,11
491,50,19
492,50,22
493,50,23
494,50,24
495,50,25
496,50,26
497,51,1
498,51,7
499,51,11
500,51,19
501,51,22
502,51,23
503,51,24
504,51,25
505,51,26
506,52,1
507,52,2
508,52,12
509,52,17
510,52,18
511,52,19
512,52,20
513,52,21
514,53,1
515,53,2
516,53,12
517,53,17
518,53,18
566,64,27
567,64,28
568,64,29
569,64,30
570,64,31
571,64,32
572,65,33
573,65,34
574,65,35
575,65,36
576,65,37
577,65,38
578,65,39
579,65,40
580,66,33
581,66,34
582,66,35
583,66,36
584,66,37
585,66,38
586,66,39
587,66,40
588,67,41
589,67,33
590,67,42
591,67,43
592,67,44
593,68,41
594,68,33
595,68,42
596,68,43
597,68,44
253,33,11
254,33,13
255,33,14
256,33,16
257,34,7
258,34,8
259,34,9
260,34,10
261,34,11
262,34,13
263,34,14
264,34,16
265,35,7
266,35,8
267,35,9
268,35,10
269,35,11
270,35,13
271,35,14
272,35,16
273,36,7
274,36,8
275,36,9
276,36,10
277,36,11
278,36,13
279,36,14
280,36,16
281,37,7
282,37,8
283,37,9
284,37,10
285,37,11
286,37,13
287,37,14
288,37,16
289,38,7
290,38,8
291,38,9
292,38,10
293,38,11
294,38,13
295,38,14
296,38,16
297,39,7
298,39,8
299,39,9
300,39,10
301,39,11
302,39,13
303,39,14
304,39,16
305,40,7
306,40,8
307,40,9
308,40,10
309,40,11
310,40,13
311,40,14
312,40,16
313,41,7
314,41,8
315,41,9
316,41,10
317,41,11
318,41,13
319,41,14
320,41,16
321,42,7
322,42,8
323,42,9
324,42,10
325,42,11
326,42,13
327,42,14
328,42,16
329,43,7
330,43,8
331,43,9
332,43,10
333,43,11
334,43,13
335,43,14
336,43,16
337,44,7
338,44,8
339,44,9
340,44,10
341,44,11
342,44,13
343,44,14
344,44,16
345,45,7
346,45,8
347,45,9
348,45,10
349,45,11
350,45,13
351,45,14
352,45,16
353,46,7
354,46,8
355,46,9
356,46,10
357,46,11
358,46,13
359,46,14
360,46,16
361,47,7
362,47,8
363,47,9
364,47,10
365,47,11
366,47,13
367,47,14
368,47,16
369,48,7
370,48,8
371,48,9
372,48,10
373,48,11
374,48,13
375,48,14
376,48,16
519,53,19
520,53,20
521,53,21
522,54,1
523,54,2
524,54,12
525,54,17
526,54,18
527,54,19
528,54,20
529,54,21
530,55,1
531,55,2
532,55,12
533,55,17
534,55,18
535,55,19
536,55,20
537,55,21
538,56,1
539,56,2
540,56,12
541,56,17
542,56,18
543,56,19
544,56,20
545,56,21
546,57,1
547,57,2
548,57,12
549,57,17
550,57,18
551,57,19
552,57,20
553,57,21
554,61,1
555,61,2
556,61,17
557,61,18
558,62,1
559,62,2
560,62,17
561,62,18
562,63,1
563,63,2
564,63,17
565,63,18
598,87,52
599,87,53
600,87,54
601,87,55
602,87,56
603,87,57
604,87,58
605,87,59
606,87,60
607,87,61
608,88,52
609,88,53
610,88,54
611,88,55
612,88,56
613,88,57
614,88,58
615,88,59
616,88,60
617,88,61
618,89,52
619,89,53
620,89,54
621,89,55
622,89,56
623,89,57
624,89,58
625,89,59
626,89,60
627,89,61
628,90,52
629,90,53
630,90,54
631,90,55
632,90,56
633,90,57
634,90,58
635,90,59
636,90,60
637,90,61
638,91,52
639,91,53
640,91,54
641,91,55
642,91,56
643,91,57
644,91,58
645,91,59
646,91,60
647,91,61
648,92,52
649,92,53
650,92,54
651,92,55
652,92,56
653,92,57
654,92,58
655,92,59
656,92,60
657,92,61
658,93,52
659,93,53
660,93,54
661,93,55
662,93,56
663,93,57
664,93,58
665,93,59
666,93,60
667,93,61
668,94,52
669,94,53
670,94,54
671,94,55
672,94,56
673,94,57
674,94,58
675,94,59
676,94,60
677,94,61
678,95,52
679,95,53
680,95,54
681,95,55
682,95,56
683,95,57
684,95,58
685,95,59
686,95,60
687,95,61
688,96,52
689,96,53
690,96,54
691,96,55
692,96,56
693,96,57
694,96,58
695,96,59
696,96,60
697,96,61
698,97,52
699,97,53
700,97,54
701,97,55
702,97,56
703,97,57
704,97,58
705,97,59
706,97,60
707,97,61
708,98,52
709,98,53
710,98,54
711,98,55
712,98,56
713,98,57
714,98,58
715,98,59
716,98,60
717,98,61
718,99,52
719,99,53
720,99,54
721,99,55
722,99,56
723,99,57
724,99,58
725,99,59
726,99,60
727,99,61
728,100,52
729,100,53
730,100,54
731,100,55
732,100,56
733,100,57
734,100,58
735,100,59
736,100,60
737,100,61
738,101,52
739,101,53
740,101,54
741,101,55
742,101,56
743,101,57
744,101,58
745,101,59
746,101,60
747,101,61
748,102,52
749,102,53
750,102,54
751,102,55
752,102,56
753,102,57
754,102,58
755,102,59
756,102,60
757,102,61
758,103,52
759,103,53
760,103,54
761,103,55
762,103,56
763,103,57
764,103,58
765,103,59
766,103,60
767,103,61
768,104,52
769,104,53
770,104,54
771,104,55
772,104,56
773,104,57
774,104,58
775,104,59
776,104,60
777,104,61
778,105,52
779,105,53
780,105,54
781,105,55
782,105,56
783,105,57
784,105,58
785,105,59
786,105,60
787,105,61
788,106,52
789,106,53
790,106,54
791,106,55
792,106,56
793,106,57
794,106,58
795,106,59
796,106,60
797,106,61
798,107,52
799,107,53
800,107,54
801,107,55
802,107,56
803,107,57
804,107,58
805,107,59
806,107,60
807,107,61
20001,20001,20001
20002,20001,20002
20003,20001,20003
20004,20001,20004
20005,20001,20005
20006,20001,20006
20007,20001,20007
20008,20001,20008
20009,20001,20009
20010,20002,20001
20011,20002,20002
20012,20002,20003
20013,20002,20004
20014,20002,20005
20015,20002,20006
20016,20002,20007
20017,20002,20008
20018,20002,20009
20019,20003,20001
20020,20003,20002
20021,20003,20003
20022,20003,20004
20023,20003,20005
20024,20003,20006
20025,20003,20007
20026,20003,20008
20027,20003,20009
20028,20004,20001
20029,20004,20002
20030,20004,20003
20031,20004,20004
20032,20004,20005
20033,20004,20006
20034,20004,20007
20035,20004,20008
20036,20004,20009
20037,20005,20001
20038,20005,20002
20039,20005,20003
20040,20005,20004
20041,20005,20005
20042,20005,20006
20043,20005,20007
20044,20005,20008
20045,20005,20009
20046,20006,20001
20047,20006,20002
20048,20006,20003
20049,20006,20004
20050,20006,20005
20051,20006,20006
20052,20006,20007
20053,20006,20008
20054,20006,20009
20055,20007,20001
20056,20007,20002
20057,20007,20003
20058,20007,20004
20059,20007,20005
20060,20007,20006
20061,20007,20007
20062,20007,20008
20063,20007,20009
20064,20008,20001
20065,20008,20004
20066,20009,20001
20067,20009,20004
20068,20010,20001
20069,20010,20004
20070,20011,20001
20071,20011,20004
20072,20012,20001
20073,20012,20004
20074,20013,20001
20075,20013,20004
20076,20014,20001
20077,20014,20004
20078,20015,20001
20079,20015,20004
20080,20018,20121
20081,20018,20123
20082,20018,20124
20083,20018,20122
20084,20018,20012
20085,20018,20013
20086,20018,20043
20087,20019,20121
20088,20019,20123
20089,20019,20124
20090,20019,20122
20091,20019,20012
20092,20019,20013
20093,20019,20043
20094,20020,20121
20095,20020,20123
20096,20020,20124
20097,20020,20122
20098,20020,20012
20099,20020,20013
20100,20020,20043
20101,20021,20121
20102,20021,20123
20103,20021,20124
20104,20021,20122
20105,20021,20012
20106,20021,20013
20107,20021,20043
20108,20022,20121
20109,20022,20123
20110,20022,20124
20111,20022,20122
20112,20022,20012
20113,20022,20013
20114,20022,20043
20115,20023,20121
20116,20023,20123
20117,20023,20124
20118,20023,20122
20119,20023,20012
20120,20023,20013
20121,20023,20043
20122,20024,20020
20123,20024,20021
20124,20024,20022
20125,20024,20023
20126,20024,20024
20127,20025,20020
20128,20025,20021
20129,20025,20022
20130,20025,20023
20131,20025,20024
20132,20026,20020
20133,20026,20021
20134,20026,20022
20135,20026,20023
20136,20026,20024
20137,20027,20020
20138,20027,20021
20139,20027,20022
20140,20027,20023
20141,20027,20024
20142,20028,20020
20143,20028,20021
20144,20028,20022
20145,20028,20023
20146,20028,20024
20147,20029,20020
20148,20029,20021
20149,20029,20022
20150,20029,20023
20151,20029,20024
20152,20030,20020
20153,20030,20021
20154,20030,20022
20155,20030,20023
20156,20030,20024
20157,20031,20020
20158,20031,20021
20159,20031,20022
20160,20031,20023
20161,20031,20024
20162,20059,20047
20163,20059,20048
20164,20059,20049
20165,20059,20050
20166,20059,20051
20167,20059,20052
20168,20060,20047
20169,20060,20048
20170,20060,20049
20171,20060,20050
20172,20060,20051
20173,20060,20052
20174,20061,20047
20175,20061,20048
20176,20061,20049
20177,20061,20050
20178,20061,20051
20179,20061,20052
20180,20062,20047
20181,20062,20048
20182,20062,20049
20183,20062,20050
20184,20062,20051
20185,20062,20052
20186,20032,20025
20187,20032,20026
20188,20032,20027
20189,20032,20028
20190,20032,20029
20191,20032,20030
20192,20032,20031
20193,20033,20025
20194,20033,20026
20195,20033,20027
20196,20033,20028
20197,20033,20029
20198,20033,20030
20199,20033,20031
20200,20034,20025
20201,20034,20026
20202,20034,20027
20203,20034,20028
20204,20034,20029
20205,20034,20030
20206,20034,20031
20207,20035,20025
20208,20035,20026
20209,20035,20027
20210,20035,20028
20211,20035,20029
20212,20035,20030
20213,20035,20031
20214,20036,20025
20215,20036,20026
20216,20036,20027
20217,20036,20028
20218,20036,20029
20219,20036,20030
20220,20036,20031
20221,20037,20025
20222,20037,20026
20223,20037,20027
20224,20037,20028
20225,20037,20029
20226,20037,20030
20227,20037,20031
20228,20038,20032
20229,20038,20033
20230,20038,20034
20231,20038,20039
20232,20038,20038
20233,20039,20032
20234,20039,20033
20235,20039,20034
20236,20039,20039
20237,20039,20038
20238,20040,20032
20239,20040,20033
20240,20040,20034
20241,20040,20039
20242,20040,20038
20243,20041,20032
20244,20041,20033
20245,20041,20034
20246,20041,20039
20247,20041,20037
20248,20042,20032
20249,20042,20033
20250,20042,20034
20251,20042,20039
20252,20043,20032
20253,20043,20033
20254,20043,20034
20255,20043,20039
20256,20044,20032
20257,20044,20033
20258,20044,20034
20259,20044,20039
20260,20045,20032
20261,20045,20033
20262,20045,20034
20263,20045,20039
20264,20045,20035
20265,20045,20036
20266,20046,20032
20267,20046,20033
20268,20046,20034
20269,20046,20039
20270,20046,20035
20271,20046,20036
20272,20047,20032
20273,20047,20033
20274,20047,20034
20275,20047,20039
20276,20047,20035
20277,20047,20036
20278,20048,20032
20279,20048,20033
20280,20048,20034
20281,20048,20039
20282,20049,20032
20283,20049,20033
20284,20049,20034
20285,20049,20039
20286,20050,20032
20287,20050,20033
20288,20050,20034
20289,20050,20039
20290,20051,20032
20291,20051,20033
20292,20051,20034
20293,20051,20039
20294,20052,20032
20295,20052,20033
20296,20052,20034
20297,20052,20039
20298,20053,20040
20299,20053,20041
20300,20053,20042
20301,20053,20043
20302,20053,20044
20303,20053,20045
20304,20053,20046
20305,20054,20040
20306,20054,20041
20307,20054,20042
20308,20054,20043
20309,20054,20044
20310,20054,20045
20311,20054,20046
20312,20055,20040
20313,20055,20041
20314,20055,20042
20315,20055,20043
20316,20055,20044
20317,20055,20045
20318,20055,20046
20319,20056,20040
20320,20056,20041
20321,20056,20042
20322,20056,20043
20323,20056,20044
20324,20056,20045
20325,20056,20046
20326,20057,20040
20327,20057,20041
20328,20057,20042
20329,20057,20043
20330,20057,20044
20331,20057,20045
20332,20057,20046
20333,20058,20040
20334,20058,20041
20335,20058,20042
20336,20058,20043
20337,20058,20044
20338,20058,20045
20339,20058,20046
20340,20016,20131
20341,20016,20120
20342,20016,20132
20343,20016,20010
20344,20016,20011
20345,20017,20131
20346,20017,20120
20347,20017,20132
20348,20017,20010
20349,20017,20011
20350,20063,20053
20351,20063,20054
20352,20063,20055
20353,20063,20056
20354,20063,20057
20355,20063,20058
20356,20063,20059
20357,20063,20060
20358,20063,20061
20359,20063,20062
20360,20064,20063
20361,20064,20064
20362,20064,20065
20363,20064,20066
20364,20064,20067
20365,20064,20068
20366,20064,20069
20367,20064,20070
20368,20064,20071
20369,20064,20072
20370,20064,20073
20371,20065,20063
20372,20065,20064
20373,20065,20065
20374,20065,20066
20375,20065,20067
20376,20065,20068
20377,20065,20069
20378,20065,20070
20379,20065,20071
20380,20065,20072
20381,20065,20073
20382,20066,20063
20383,20066,20064
20384,20066,20065
20385,20066,20066
20386,20066,20067
20387,20066,20068
20388,20066,20069
20389,20066,20070
20390,20066,20071
20391,20066,20072
20392,20066,20073
20393,20067,20063
20394,20067,20064
20395,20067,20065
20396,20067,20066
20397,20067,20067
20398,20067,20068
20399,20067,20069
20400,20067,20070
20401,20067,20071
20402,20067,20072
20403,20067,20073
20404,20068,20074
20405,20069,20074
20406,20070,20074
20407,20071,20074
20408,20072,20074
20409,20073,20074
20410,20074,20074
20411,20068,20075
20412,20069,20075
20413,20070,20075
20414,20071,20075
20415,20072,20075
20416,20073,20075
20417,20074,20075
20418,20068,20076
20419,20069,20076
20420,20070,20076
20421,20071,20076
20422,20072,20076
20423,20073,20076
20424,20074,20076
20425,20068,20077
20426,20069,20077
20427,20070,20077
20428,20071,20077
20429,20072,20077
20430,20073,20077
20431,20074,20077
20432,20068,20078
20433,20069,20078
20434,20070,20078
20435,20071,20078
20436,20072,20078
20437,20073,20078
20438,20068,20079
20439,20069,20079
20440,20070,20079
20441,20071,20079
20442,20072,20079
20443,20073,20079
20444,20074,20079
20445,20068,20080
20446,20069,20080
20447,20070,20080
20448,20071,20080
20449,20072,20080
20450,20073,20080
20451,20074,20080
20452,20068,20081
20453,20069,20081
20454,20070,20081
20455,20071,20081
20456,20072,20081
20457,20073,20081
20458,20068,20082
20459,20069,20082
20460,20070,20082
20461,20071,20082
20462,20072,20082
20463,20073,20082
20464,20074,20082
20465,20074,20083
20466,20075,20084
20467,20075,20085
20468,20075,20086
20469,20075,20087
20470,20075,20088
20471,20075,20089
20472,20075,20090
20473,20076,20084
20474,20076,20085
20475,20076,20086
20476,20076,20087
20477,20076,20088
20478,20076,20089
20479,20076,20090
20480,20077,20084
20481,20077,20085
20482,20077,20086
20483,20077,20087
20484,20077,20088
20485,20077,20089
20486,20077,20090
20487,20078,20084
20488,20078,20085
20489,20078,20086
20490,20078,20087
20491,20078,20088
20492,20078,20089
20493,20078,20090
20494,20079,20084
20495,20079,20085
20496,20079,20086
20497,20079,20087
20498,20079,20088
20499,20079,20089
20500,20079,20090
20501,20080,20084
20502,20080,20085
20503,20080,20086
20504,20080,20087
20505,20080,20088
20506,20080,20089
20507,20080,20090
20508,20081,20091
20509,20081,20092
20510,20081,20093
20511,20081,20094
20512,20081,20095
20513,20081,20096
20514,20081,20097
20515,20081,20098
20516,20081,20099
20517,20082,20091
20518,20082,20092
20519,20082,20093
20520,20082,20094
20521,20082,20095
20522,20082,20096
20523,20082,20097
20524,20082,20098
20525,20082,20099
